0,6121.27
1,6123.11
2,6124.57
3,6125.95
4,6127.24
5,6128.84
6,6131.44
7,6134.25
8,6137.78
9,6141.52
10,6145.4
11,6149.42
12,6153.47
13,6157.89
14,6162.46
15,6166.84
16,6171.29
17,6176.01
18,6180.72
19,6185.45
20,6189.39
21,6192.71
22,6195.36
23,6197.5
24,6200.13
25,6202
26,6203.82
27,6204.97
28,6205.61
29,6205.69
30,6206.15
31,6206.84
32,6207.7
33,6208.98
34,6209.84
35,6210.12
36,6209.84
37,6209.14
38,6207.68
39,6205.89
40,6203.6
41,6200.68
42,6198
43,6194.9
44,6192.41
45,6189.81
46,6187.13
47,6184.26
48,6181.26
49,6178.31
50,6176.06
51,6174.53
52,6173.34
53,6173
54,6172.64
55,6172.99
56,6173.34
57,6173.37
58,6173.31
59,6173.21
60,6173.69
61,6174.3
62,6174.91
63,6175.33
64,6175.36
65,6175.18
66,6175.04
67,6175.11
68,6175.48
69,6176.07
70,6177.49
71,6179.15
72,6181.13
73,6182.68
74,6183.43
75,6183.05
76,6182.04
77,6181.01
78,6179.52
79,6177.66
80,6175.42
81,6173.04
82,6170.35
83,6166.95
84,6163.07
85,6158.75
86,6153.9
87,6148.79
88,6143.42
89,6137.96
90,6132.53
91,6128.5
92,6125.12
93,6122.03
94,6118.46
95,6114.37
96,6109.89
97,6105.1
98,6099.6
99,6093.07
100,6086.18
101,6079.17
102,6071.95
103,6064.84
104,6057.83
105,6050.57
106,6042.73
107,6034.48
108,6025.93
109,6017.82
110,6010.21
111,6003.12
112,5996.41
113,5989.89
114,5983.64
115,5977.92
116,5972.89
117,5968.62
118,5964.73
119,5961.34
120,5958.44
121,5955.68
122,5952.84
123,5950.62
124,5949.02
125,5947.75
126,5947.07
127,5946.19
128,5945.06
129,5943.43
130,5940.6
131,5937.45
132,5933.68
133,5930.03
134,5926.76
135,5924.13
136,5921.32
137,5918.64
138,5915.87
139,5912.64
140,5909.52
141,5906.42
142,5902.8
143,5898.26
144,5893.79
145,5890.36
146,5887.26
147,5884.52
148,5883
149,5881.71
150,5880.6
151,5879.21
152,5876.79
153,5872.71
154,5867.98
155,5862.58
156,5857.14
157,5851.57
158,5846.63
159,5842.46
160,5839.42
161,5838.01
162,5837.9
163,5838.68
164,5839.71
165,5840.74
166,5841.27
167,5841.45
168,5841.13
169,5841.03
170,5840.44
171,5840.08
172,5839.96
173,5839.91
174,5840.21
175,5840.44
176,5840.9
177,5842.12
178,5844.4
179,5847.17
180,5849.48
181,5851.85
182,5854.71
183,5858.45
184,5863.38
185,5868.38
186,5874.65
187,5881.39
188,5888.25
189,5895.44
190,5903.32
191,5912.15
192,5921.22
193,5931.7
194,5942.25
195,5952.95
196,5963.52
197,5973.44
198,5983.47
199,5993.54
200,6003.26
201,6013
202,6023.08
203,6033.7
204,6045.08
205,6056.08
206,6066.94
207,6077.05
208,6086.74
209,6096.17
210,6106.14
211,6116.65
212,6127.2
213,6137.41
214,6147.5
215,6158.03
216,6168.83
217,6179.27
218,6189.85
219,6200.27
220,6210.21
221,6219.93
222,6228.46
223,6236.88
224,6244.55
225,6250.95
226,6256.27
227,6260.33
228,6263.5
229,6266.93
230,6269.94
231,6271.91
232,6272.53
233,6272.42
234,6271.45
235,6270.03
236,6268.29
237,6266.19
238,6263.74
239,6260.71
240,6257.73
241,6254.7
242,6251.31
243,6247.41
244,6241.8
245,6235.33
246,6228.82
247,6222.42
248,6216.18
249,6210.12
250,6203.74
251,6197.14
252,6190.6
253,6183.6
254,6176.37
255,6168.93
256,6161.39
257,6153.8
258,6145.8
259,6137.31
260,6128.3
261,6119.4
262,6110.3
263,6101.92
264,6095.2
265,6090.52
266,6087.53
267,6085.18
268,6083.2
269,6081.21
270,6079.68
271,6078.04
272,6076.21
273,6074.41
274,6072.62
275,6071.21
276,6071.11
277,6072.78
278,6076.52
279,6082.03
280,6088.69
281,6095.94
282,6102.04
283,6107.15
284,6111.79
285,6115.56
286,6119.03
287,6121.8
288,6124.17
289,6126.45
290,6128.25
291,6129.86
292,6131.72
293,6134.09
294,6137.12
295,6141.4
296,6146.9
297,6153.28
298,6159.78
299,6165.57
300,6171.51
301,6177.32
302,6183.32
303,6188.77
304,6193.29
305,6196.68
306,6199.21
307,6201.87
308,6204.28
309,6206.27
310,6207.82
311,6209.11
312,6210.42
313,6211.52
314,6212.03
315,6211.12
316,6208.96
317,6205.88
318,6202.15
319,6197.15
320,6191.23
321,6184.27
322,6177.2
323,6169.6
324,6161.9
325,6153.86
326,6146.13
327,6138.32
328,6130.43
329,6122.72
330,6115.72
331,6109.38
332,6103.26
333,6096.5
334,6088.2
335,6078.66
336,6068.21
337,6058.3
338,6049.17
339,6040.57
340,6032.43
341,6025.01
342,6018.16
343,6012.02
344,6006.1
345,6000.51
346,5995.41
347,5990.98
348,5987.03
349,5983.04
350,5979.29
351,5976.25
352,5973.77
353,5971.9
354,5970.31
355,5968.35
356,5966.54
357,5964.79
358,5963.44
359,5963.12
360,5962.82
361,5962.76
362,5963.42
363,5964.6
364,5967.23
365,5970.69
366,5974.58
367,5978.69
368,5982.76
369,5986.83
370,5991.07
371,5995.66
372,6000.21
373,6003.86
374,6007.21
375,6009.27
376,6010.8
377,6012.29
378,6013.95
379,6015.36
380,6015.88
381,6014.97
382,6013.09
383,6009.61
384,6004.81
385,5998.48
386,5991.14
387,5983.33
388,5975.31
389,5967.34
390,5959.7
391,5952.8
392,5947.43
393,5944.17
394,5942.58
395,5941.83
396,5942.39
397,5943.69
398,5945.18
399,5947.63
400,5951.35
401,5956.25
402,5961.46
403,5967.37
404,5972.53
405,5977.25
406,5981.35
407,5984.81
408,5988.69
409,5992.82
410,5997.77
411,6002.91
412,6008.35
413,6014.08
414,6020.14
415,6026.21
416,6032.56
417,6039.01
418,6045.46
419,6051.82
420,6058.47
421,6065.17
422,6071.43
423,6077.39
424,6081.85
425,6086.25
426,6090.17
427,6094.29
428,6098.01
429,6102.19
430,6106.77
431,6111.99
432,6116.7
433,6121.73
434,6127.37
435,6133.36
436,6140.19
437,6147.96
438,6155.78
439,6163.58
440,6170.38
441,6175.78
442,6179.95
443,6183.46
444,6185.57
445,6185.78
446,6185.55
447,6185.22
448,6185.16
449,6185.45
450,6185.99
451,6187.14
452,6188.81
453,6190.56
454,6192.48
455,6195.01
456,6197.23
457,6199.06
458,6200.38
459,6201.48
460,6202.27
461,6203.22
462,6204.52
463,6206.3
464,6208.72
465,6212.19
466,6216.09
467,6220.37
468,6225.24
469,6230.2
470,6235.1
471,6239.88
472,6244.25
473,6247.83
474,6250.06
475,6251.44
476,6251.74
477,6251.16
478,6249.84
479,6248.32
480,6246.21
481,6244.06
482,6242.49
483,6241.28
484,6239.8
485,6239.16
486,6238.42
487,6238.62
488,6239.53
489,6240.8
490,6242.32
491,6243.64
492,6244.77
493,6245.63
494,6246.37
495,6247.31
496,6248.41
497,6249.67
498,6251.11
499,6251.66
500,6251.13
501,6249.96
502,6248.21
503,6246.56
504,6244.8
505,6243.08
506,6241.68
507,6239.61
508,6237.53
509,6234.77
510,6231.51
511,6228.56
512,6225.37
513,6222.06
514,6218.94
515,6215.78
516,6212.66
517,6210.06
518,6207.65
519,6205.95
520,6203.82
521,6201.21
522,6197.99
523,6195.41
524,6193.47
525,6192.44
526,6192.33
527,6193.1
528,6194.1
529,6194.56
530,6194.3
531,6193.06
532,6190.67
533,6186.71
534,6181.44
535,6175.71
536,6169.17
537,6162.93
538,6156.3
539,6149.43
540,6142.68
541,6136.28
542,6130.37
543,6124.67
544,6118.74
545,6112.55
546,6106.45
547,6099.94
548,6093.01
549,6085.92
550,6078.9
551,6072.48
552,6066.83
553,6061.52
554,6056.6
555,6051.36
556,6046.48
557,6041.5
558,6037.2
559,6032.76
560,6028.62
561,6024.59
562,6021.17
563,6018.13
564,6015.45
565,6014.34
566,6014.9
567,6017.15
568,6021.12
569,6026.28
570,6033.05
571,6040.48
572,6048.29
573,6055.76
574,6062.72
575,6069.61
576,6074.72
577,6078.38
578,6081.14
579,6082.58
580,6082.69
581,6082.07
582,6080.51
583,6076.99
584,6070.88
585,6062.22
586,6051.42
587,6038.8
588,6025.29
589,6011.36
590,5997.31
591,5983.97
592,5971.26
593,5959.14
594,5948.16
595,5938.04
596,5929.3
597,5922.2
598,5916.61
599,5911.53
600,5907.64
601,5904.42
602,5902.51
603,5901.63
604,5900.79
605,5900.04
606,5899.25
607,5898.39
608,5897.83
609,5897.53
610,5897.11
611,5897.41
612,5898.76
613,5900.76
614,5903.17
615,5905.07
616,5906.89
617,5909.37
618,5912.44
619,5916.28
620,5920.35
621,5924.46
622,5928.57
623,5933.35
624,5939.11
625,5946.28
626,5954.52
627,5963.58
628,5973.38
629,5983.89
630,5995.18
631,6007.19
632,6019.62
633,6031.6
634,6043.92
635,6056.05
636,6068.79
637,6081.62
638,6094.44
639,6106.88
640,6118.99
641,6130.5
642,6141.77
643,6153.28
644,6164.83
645,6177.02
646,6189.45
647,6201.1
648,6211.67
649,6220.45
650,6227.46
651,6232.73
652,6236.48
653,6239.42
654,6242.19
655,6245.04
656,6248.52
657,6252.43
658,6257.23
659,6263.01
660,6269.28
661,6276.1
662,6282.66
663,6289.15
664,6295.81
665,6302.64
666,6308.9
667,6314.68
668,6320.05
669,6324.93
670,6329.87
671,6334.99
672,6340.15
673,6345.09
674,6348.8
675,6351.8
676,6354.35
677,6357.88
678,6362.26
679,6367.2
680,6372.5
681,6378.2
682,6383.86
683,6389.28
684,6393.64
685,6397.51
686,6400.34
687,6402.84
688,6404.26
689,6405.46
690,6406.72
691,6407.39
692,6406.88
693,6406.1
694,6404.24
695,6401.67
696,6398.41
697,6394.42
698,6389.71
699,6384.84
700,6379.17
701,6372.64
702,6365.8
703,6359.08
704,6353.17
705,6347.47
706,6341.11
707,6335.22
708,6330.02
709,6325.13
710,6319.75
711,6314.5
712,6309.91
713,6305.83
714,6302.33
715,6299.39
716,6296.56
717,6293.83
718,6291.38
719,6289.16
720,6286.87
721,6284.42
722,6281.49
723,6278.32
724,6275.05
725,6272.16
726,6269.81
727,6268.39
728,6267.22
729,6265.99
730,6264.33
731,6262.2
732,6259.49
733,6256.81
734,6253.84
735,6251.32
736,6248.77
737,6245.96
738,6243.25
739,6239.79
740,6235.65
741,6231.66
742,6227.72
743,6224.1
744,6220.71
745,6217.57
746,6213.36
747,6208.93
748,6204.68
749,6200.91
750,6198.37
751,6196.69
752,6195.31
753,6194.2
754,6192.39
755,6189.7
756,6186.3
757,6182.52
758,6179.3
759,6176.12
760,6172.89
761,6169.46
762,6166.13
763,6164.07
764,6162.28
765,6161.36
766,6160.56
767,6159.29
768,6157.35
769,6154.85
770,6150.9
771,6145.26
772,6138.33
773,6130.62
774,6123.02
775,6115.65
776,6108.26
777,6101.1
778,6094.16
779,6087.71
780,6081.39
781,6075.41
782,6069.1
783,6062.87
784,6056.58
785,6050.88
786,6046.08
787,6041.34
788,6036.42
789,6031.17
790,6025.36
791,6019.18
792,6013.37
793,6007.2
794,6000.85
795,5993.73
796,5985.92
797,5977.69
798,5969.26
799,5960.7
800,5952.14
801,5943.1
802,5933.54
803,5924.13
804,5915.79
805,5909.99
806,5906.32
807,5904.21
808,5902.58
809,5899.54
810,5896.11
811,5892.07
812,5888.09
813,5884.38
814,5880.53
815,5877.54
816,5875.32
817,5873.5
818,5872.42
819,5872.13
820,5872.54
821,5873.98
822,5876.56
823,5880.05
824,5884.64
825,5890.18
826,5896.56
827,5903.13
828,5909.41
829,5913.97
830,5917.71
831,5920.82
832,5923.48
833,5925.99
834,5928.47
835,5930.67
836,5933.11
837,5936.27
838,5940.24
839,5944.3
840,5948.92
841,5952.73
842,5955.02
843,5956.81
844,5958.06
845,5959.31
846,5961.47
847,5964
848,5966.7
849,5969.29
850,5972.61
851,5975.15
852,5978.39
853,5981.19
854,5983.88
855,5986.33
856,5988.56
857,5990.67
858,5993.33
859,5996.28
860,5999.56
861,6002.8
862,6007.46
863,6011.88
864,6016.4
865,6020.27
866,6022.88
867,6024.45
868,6026.01
869,6027.48
870,6028.69
871,6029.69
872,6030.78
873,6032.53
874,6035.25
875,6039.03
876,6043.6
877,6048.71
878,6054.25
879,6060.63
880,6067.45
881,6075.35
882,6084.3
883,6093.83
884,6103.36
885,6113.43
886,6122.67
887,6132.35
888,6140.58
889,6147.84
890,6154.74
891,6160.96
892,6166.85
893,6172.95
894,6179.47
895,6185.77
896,6191.42
897,6196.29
898,6199.72
899,6202.09
900,6203.9
901,6205.37
902,6207.02
903,6208.82
904,6209.41
905,6209.29
906,6208.07
907,6205.81
908,6202.38
909,6198.16
910,6193.48
911,6188.51
912,6183.82
913,6179.55
914,6176.73
915,6174.57
916,6173.23
917,6172.18
918,6170.96
919,6169.85
920,6168.87
921,6168.12
922,6167.14
923,6165.98
924,6165.11
925,6163.9
926,6162.79
927,6161.65
928,6160.64
929,6158.7
930,6155.59
931,6151.59
932,6145.83
933,6138.72
934,6130.4
935,6121.58
936,6112.46
937,6102.63
938,6092.45
939,6082.31
940,6072.19
941,6062.71
942,6053.49
943,6044.42
944,6035.53
945,6026.64
946,6017.58
947,6008.12
948,5998.82
949,5989.74
950,5981.48
951,5973.68
952,5967.22
953,5961.41
954,5955.95
955,5950.69
956,5944.76
957,5938.65
958,5932.27
959,5926.2
960,5921.14
961,5917.95
962,5916.45
963,5915.92
964,5916.3
965,5916.78
966,5917.5
967,5917.43
968,5917.59
969,5917.44
970,5916.65
971,5915.31
972,5913.7
973,5912.25
974,5910.37
975,5907.52
976,5903.77
977,5899.75
978,5895.61
979,5892.06
980,5889.98
981,5889.43
982,5890.1
983,5891.35
984,5893.06
985,5894.67
986,5895.87
987,5897.4
988,5898.62
989,5899.5
990,5900.65
991,5902.02
992,5904.5
993,5906.98
994,5908.87
995,5909.8
996,5909.65
997,5909.06
998,5907.81
999,5905.77
1000,5903.35
1001,5900.18
1002,5896.88
1003,5893.87
1004,5889.86
1005,5885.48
1006,5880.15
1007,5875.01
1008,5869.36
1009,5864.26
1010,5859.35
1011,5855.05
1012,5851.58
1013,5849.65
1014,5848.56
1015,5849.12
1016,5851.02
1017,5852.91
1018,5855.18
1019,5856.64
1020,5857.13
1021,5857.11
1022,5857.14
1023,5857.43
1024,5858.6
1025,5860.12
1026,5862.25
1027,5864.97
1028,5867.97
1029,5871.73
1030,5874.63
1031,5876.14
1032,5877.11
1033,5878.33
1034,5879.97
1035,5882.24
1036,5884.53
1037,5886.08
1038,5887.2
1039,5887.49
1040,5887.46
1041,5887.72
1042,5887.67
1043,5887.74
1044,5888.21
1045,5889.59
1046,5891.62
1047,5894.04
1048,5896.74
1049,5899.49
1050,5901.84
1051,5903.84
1052,5905.4
1053,5907.19
1054,5908.94
1055,5910.79
1056,5913.03
1057,5915.56
1058,5918.18
1059,5919.83
1060,5921.53
1061,5922.56
1062,5923.71
1063,5925.21
1064,5927
1065,5928.8
1066,5930.46
1067,5931.03
1068,5929.65
1069,5926.9
1070,5923.26
1071,5919.03
1072,5914.24
1073,5909.18
1074,5904.8
1075,5900.9
1076,5898.78
1077,5898.77
1078,5900.25
1079,5903.63
1080,5908.85
1081,5915.11
1082,5922.69
1083,5931.08
1084,5940.22
1085,5950.18
1086,5961.16
1087,5972.84
1088,5984.7
1089,5996.84
1090,6009
1091,6019.88
1092,6029.03
1093,6035.94
1094,6041.2
1095,6045.39
1096,6049.73
1097,6055.03
1098,6060.7
1099,6066.65
1100,6072.92
1101,6079.56
1102,6086.25
1103,6093.2
1104,6100.94
1105,6109.2
1106,6117.67
1107,6126.66
1108,6135.71
1109,6142.25
1110,6147.14
1111,6150.36
1112,6153.39
1113,6156.94
1114,6160.39
1115,6163.61
1116,6166.36
1117,6168.63
1118,6170.09
1119,6170.16
1120,6169.57
1121,6167.95
1122,6165.3
1123,6161.31
1124,6156.4
1125,6150.97
1126,6144.92
1127,6138.9
1128,6133.14
1129,6127.59
1130,6122.79
1131,6118.52
1132,6114.77
1133,6111.02
1134,6107.22
1135,6103.19
1136,6097.89
1137,6091.47
1138,6084.68
1139,6077.48
1140,6070.75
1141,6065.18
1142,6060.62
1143,6055.9
1144,6051.59
1145,6047.91
1146,6045.24
1147,6043.56
1148,6042.91
1149,6042.73
1150,6042.18
1151,6041.69
1152,6041.74
1153,6042.84
1154,6044.38
1155,6046.77
1156,6049.93
1157,6053.61
1158,6056.15
1159,6057.66
1160,6058.75
1161,6059.7
1162,6060.37
1163,6060.51
1164,6059.6
1165,6058.13
1166,6055.24
1167,6051.72
1168,6047.88
1169,6044.51
1170,6042.58
1171,6041.49
1172,6041.49
1173,6043.05
1174,6045.65
1175,6048.38
1176,6051.29
1177,6053.97
1178,6055.83
1179,6056.68
1180,6056
1181,6052.95
1182,6048.95
1183,6043.34
1184,6036.83
1185,6029.54
1186,6021.38
1187,6013.93
1188,6007.57
1189,6002.67
1190,5998.61
1191,5994.2
1192,5988.72
1193,5982.98
1194,5976.35
1195,5969.16
1196,5961.54
1197,5954.01
1198,5946.52
1199,5939.53
1200,5933.02
1201,5927.42
1202,5922.21
1203,5917.6
1204,5913.5
1205,5910.41
1206,5908.47
1207,5907.37
1208,5907.4
1209,5907.58
1210,5907.84
1211,5908.13
1212,5907.96
1213,5907.73
1214,5907.41
1215,5906.31
1216,5905.46
1217,5904.53
1218,5904.39
1219,5904.98
1220,5906.75
1221,5908.71
1222,5910.47
1223,5912.22
1224,5913.74
1225,5913.76
1226,5913.24
1227,5911.87
1228,5910.16
1229,5907.9
1230,5905.35
1231,5903.31
1232,5901.4
1233,5899.47
1234,5897.83
1235,5896.22
1236,5895.67
1237,5895.02
1238,5894.21
1239,5893.73
1240,5894.56
1241,5896.4
1242,5899.48
1243,5903.76
1244,5908.57
1245,5913.29
1246,5917.18
1247,5920.79
1248,5924.09
1249,5926.78
1250,5929.64
1251,5931.97
1252,5935.33
1253,5939.76
1254,5944.15
1255,5948.61
1256,5953.8
1257,5959.93
1258,5966.6
1259,5973.75
1260,5981.38
1261,5989.63
1262,5997.78
1263,6005.34
1264,6011.97
1265,6018.02
1266,6023.36
1267,6026.59
1268,6028.34
1269,6027.8
1270,6026.08
1271,6024.58
1272,6023.46
1273,6023.01
1274,6023.47
1275,6024.9
1276,6027.23
1277,6029.15
1278,6030.02
1279,6029.7
1280,6028.76
1281,6027.05
1282,6025.29
1283,6023.53
1284,6021.76
1285,6020.89
1286,6020.01
1287,6019.95
1288,6019.49
1289,6017.59
1290,6014.25
1291,6009.11
1292,6003.66
1293,5997.96
1294,5992.43
1295,5987.24
1296,5982.75
1297,5977.73
1298,5973.03
1299,5969.32
1300,5965.98
1301,5963.74
1302,5962.59
1303,5963.3
1304,5966.26
1305,5971.76
1306,5979.59
1307,5989.15
1308,6000.57
1309,6012.71
1310,6025.87
1311,6039.03
1312,6051.09
1313,6061.88
1314,6070.85
1315,6078.39
1316,6084.51
1317,6090.34
1318,6095.53
1319,6100.16
1320,6103.93
1321,6106.67
1322,6109.63
1323,6112.97
1324,6117.49
1325,6122.67
1326,6128.39
1327,6134.7
1328,6140.76
1329,6146.61
1330,6152.21
1331,6157.83
1332,6163.47
1333,6168.37
1334,6172.67
1335,6176.77
1336,6180.86
1337,6185.15
1338,6188.58
1339,6190.34
1340,6190.82
1341,6190.12
1342,6188.88
1343,6186.51
1344,6183.8
1345,6180.71
1346,6178.68
1347,6177.43
1348,6177.1
1349,6177.68
1350,6179.08
1351,6180.13
1352,6180.47
1353,6179.48
1354,6176.43
1355,6171.61
1356,6165.46
1357,6158.52
1358,6152.18
1359,6146.4
1360,6141.3
1361,6135.82
1362,6129.67
1363,6123.32
1364,6117.61
1365,6112.76
1366,6108.38
1367,6104.46
1368,6100.3
1369,6096.14
1370,6091.89
1371,6087.57
1372,6083.21
1373,6079.09
1374,6075.34
1375,6072.94
1376,6072.08
1377,6072.18
1378,6073.67
1379,6075.95
1380,6078.92
1381,6082.08
1382,6085.02
1383,6086.45
1384,6086.22
1385,6084.23
1386,6081.18
1387,6077.74
1388,6073.52
1389,6068.74
1390,6063.92
1391,6058.38
1392,6052.07
1393,6045.87
1394,6040.48
1395,6035.83
1396,6032.13
1397,6028.77
1398,6025.38
1399,6023.03
1400,6021.48
1401,6019.02
1402,6015.77
1403,6010.41
1404,6003.45
1405,5995.31
1406,5987.5
1407,5979.49
1408,5971.27
1409,5963.07
1410,5955.24
1411,5948.74
1412,5944.4
1413,5941.92
1414,5940.97
1415,5941.24
1416,5941.55
1417,5939.65
1418,5935.3
1419,5929.03
1420,5921.54
1421,5913.99
1422,5906.8
1423,5900.56
1424,5895.54
1425,5891.1
1426,5887.01
1427,5882.61
1428,5877.13
1429,5870.76
1430,5864.58
1431,5859.33
1432,5855.84
1433,5853.1
1434,5852.28
1435,5853.49
1436,5856.29
1437,5861.45
1438,5867.99
1439,5876.07
1440,5884.19
1441,5891.48
1442,5898.04
1443,5903.78
1444,5909.51
1445,5915.2
1446,5921.11
1447,5927.44
1448,5934.13
1449,5941.92
1450,5950.16
1451,5958.39
1452,5966.48
1453,5974.01
1454,5982.12
1455,5990.11
1456,5997.85
1457,6005.25
1458,6012.28
1459,6019.42
1460,6027.31
1461,6035.05
1462,6042.67
1463,6049.95
1464,6056.87
1465,6063.85
1466,6071.3
1467,6077.96
1468,6084.5
1469,6090.89
1470,6097.92
1471,6105.71
1472,6113.42
1473,6120.44
1474,6126.83
1475,6131.65
1476,6135.34
1477,6137.6
1478,6140.26
1479,6143.79
1480,6148.22
1481,6152.91
1482,6156.7
1483,6159.45
1484,6161.45
1485,6162.94
1486,6165.65
1487,6169.96
1488,6175.84
1489,6183.15
1490,6191.64
1491,6200.22
1492,6208.04
1493,6214.71
1494,6220.07
1495,6224.06
1496,6227.29
1497,6230.27
1498,6232.89
1499,6235.1
1500,6237.78
1501,6240.26
1502,6242.28
1503,6243.72
1504,6245.32
1505,6247.1
1506,6248.78
1507,6250.9
1508,6253.36
1509,6256.26
1510,6259.8
1511,6264.21
1512,6269.65
1513,6275.72
1514,6281.23
1515,6285.22
1516,6286.31
1517,6286.01
1518,6284.58
1519,6282.52
1520,6280.79
1521,6279.66
1522,6279.13
1523,6279.16
1524,6279.93
1525,6281.77
1526,6284.09
1527,6286.13
1528,6288.03
1529,6289.27
1530,6290.27
1531,6290.79
1532,6290.62
1533,6290.35
1534,6290.47
1535,6291.16
1536,6292.37
1537,6293.83
1538,6295.59
1539,6297.63
1540,6299.87
1541,6302.45
1542,6304.63
1543,6306.65
1544,6308.87
1545,6310.47
1546,6310.59
1547,6310.02
1548,6308.16
1549,6305.67
1550,6303.42
1551,6301.4
1552,6299.17
1553,6297.66
1554,6296.49
1555,6295.76
1556,6295.09
1557,6293.65
1558,6291.86
1559,6289.48
1560,6287.24
1561,6284.28
1562,6281.67
1563,6279.38
1564,6276.4
1565,6273.23
1566,6269.61
1567,6266.35
1568,6262.86
1569,6258.94
1570,6255.13
1571,6251.27
1572,6248.21
1573,6245.5
1574,6243.72
1575,6242.7
1576,6242.11
1577,6242.21
1578,6241.8
1579,6240.86
1580,6239.41
1581,6237.74
1582,6235.65
1583,6233.54
1584,6231.97
1585,6230.21
1586,6228.14
1587,6225.64
1588,6222.67
1589,6219.45
1590,6215.91
1591,6212.78
1592,6209.73
1593,6206.48
1594,6203.18
1595,6200.59
1596,6198.67
1597,6197.85
1598,6197.48
1599,6197.11
1600,6196.05
1601,6194.03
1602,6191.01
1603,6186.8
1604,6182.64
1605,6178.63
1606,6176.27
1607,6174.83
1608,6173.51
1609,6172.7
1610,6171.79
1611,6171.38
1612,6170.68
1613,6169.38
1614,6166.86
1615,6162.51
1616,6156.92
1617,6149.46
1618,6140.21
1619,6128.41
1620,6114.96
1621,6100.92
1622,6086.87
1623,6073.62
1624,6061.18
1625,6049.29
1626,6038.62
1627,6028.85
1628,6020.85
1629,6014.69
1630,6010.23
1631,6006.52
1632,6003.25
1633,5999.58
1634,5994.79
1635,5989.17
1636,5983.22
1637,5977.36
1638,5971.38
1639,5964.86
1640,5957.72
1641,5950.36
1642,5943.87
1643,5936.9
1644,5929.66
1645,5922.76
1646,5916.6
1647,5910.84
1648,5905.04
1649,5898.51
1650,5890.91
1651,5883.82
1652,5877.72
1653,5873.01
1654,5869.77
1655,5868.38
1656,5869.35
1657,5872.65
1658,5877.73
1659,5884.24
1660,5891.7
1661,5898.84
1662,5905.72
1663,5912.55
1664,5919.83
1665,5927.25
1666,5934.47
1667,5941.52
1668,5948.64
1669,5956.47
1670,5964.02
1671,5970.88
1672,5976.98
1673,5982.89
1674,5988.75
1675,5994.81
1676,6000.37
1677,6005.31
1678,6009.68
1679,6012.97
1680,6016.03
1681,6018.84
1682,6021.57
1683,6024.08
1684,6026
1685,6027.8
1686,6029.7
1687,6033.08
1688,6037.12
1689,6042.45
1690,6048.51
1691,6054.21
1692,6059.71
1693,6066.28
1694,6074.04
1695,6082.49
1696,6090.56
1697,6098.16
1698,6105.26
1699,6111.72
1700,6117.86
1701,6124.38
1702,6131.04
1703,6137.84
1704,6144.09
1705,6149.5
1706,6154.58
1707,6159.02
1708,6162.67
1709,6166.22
1710,6169.51
1711,6173.15
1712,6177.14
1713,6180.92
1714,6184.41
1715,6188.26
1716,6192.89
1717,6198.02
1718,6203.38
1719,6208.52
1720,6212.83
1721,6216.56
1722,6219.57
1723,6221.3
1724,6221.65
1725,6220.94
1726,6219.4
1727,6217.57
1728,6215.4
1729,6212.99
1730,6210.33
1731,6208.35
1732,6207.59
1733,6207.63
1734,6207.91
1735,6208.42
1736,6208.57
1737,6207.83
1738,6206.03
1739,6203.5
1740,6200.22
1741,6196.55
1742,6191.86
1743,6186
1744,6178.76
1745,6170.46
1746,6161.37
1747,6151.99
1748,6143.26
1749,6135.16
1750,6128.13
1751,6122.35
1752,6117.19
1753,6111.94
1754,6107
1755,6102.46
1756,6098.51
1757,6095.56
1758,6093.8
1759,6093.28
1760,6093.91
1761,6094.99
1762,6095.84
1763,6096.42
1764,6097.02
1765,6097.52
1766,6098.15
1767,6099.4
1768,6101.05
1769,6103.7
1770,6107.55
1771,6113.47
1772,6121.27
1773,6131.42
1774,6142.99
1775,6152.81
1776,6160.62
1777,6165.47
1778,6167.77
1779,6169.09
1780,6170.03
1781,6170.44
1782,6170.92
1783,6171.1
1784,6170.98
1785,6171.16
1786,6172.5
1787,6175.55
1788,6180.06
1789,6186.09
1790,6193.09
1791,6200.87
1792,6208.64
1793,6215.79
1794,6222.1
1795,6227.46
1796,6231.78
1797,6235.3
1798,6237.63
1799,6238.6
1800,6238.08
1801,6235.36
1802,6230.88
1803,6226.73
1804,6223.52
1805,6221.84
1806,6221.31
1807,6221.54
1808,6222.34
1809,6223.38
1810,6224.07
1811,6224.3
1812,6224.61
1813,6224.41
1814,6223.7
1815,6222.48
1816,6220.18
1817,6216.3
1818,6211.62
1819,6207.41
1820,6203.9
1821,6200.77
1822,6198.74
1823,6196.87
1824,6195.61
1825,6195.01
1826,6194.72
1827,6194.29
1828,6193.54
1829,6192.5
1830,6190.94
1831,6189.02
1832,6186.9
1833,6184.41
1834,6181.66
1835,6178.31
1836,6175.21
1837,6171.96
1838,6169.33
1839,6165.4
1840,6161.32
1841,6156.48
1842,6150.85
1843,6144
1844,6136.92
1845,6129.47
1846,6122.18
1847,6115.24
1848,6108.08
1849,6100.57
1850,6092.96
1851,6085.16
1852,6077.11
1853,6068.55
1854,6059.85
1855,6052.47
1856,6047.09
1857,6043.4
1858,6041.15
1859,6040.04
1860,6039.38
1861,6039.29
1862,6040.63
1863,6043.35
1864,6047.05
1865,6051.02
1866,6055.39
1867,6059.89
1868,6064.38
1869,6068.55
1870,6073.01
1871,6076.97
1872,6080.79
1873,6084.44
1874,6089.18
1875,6095.78
1876,6103.34
1877,6112.33
1878,6121.91
1879,6131.34
1880,6140.34
1881,6148.57
1882,6156.17
1883,6162.99
1884,6169.47
1885,6175.74
1886,6182.06
1887,6188.89
1888,6195.82
1889,6202.32
1890,6208.04
1891,6213.52
1892,6218.65
1893,6224.74
1894,6232.01
1895,6240.21
1896,6248.56
1897,6256.6
1898,6263.6
1899,6269.16
1900,6272.6
1901,6274.13
1902,6274.14
1903,6273.2
1904,6272.04
1905,6270.34
1906,6268.92
1907,6268.7
1908,6269.99
1909,6272.67
1910,6276.19
1911,6281.06
1912,6286.97
1913,6293.82
1914,6300.71
1915,6307.96
1916,6315.26
1917,6322.35
1918,6329.12
1919,6335.48
1920,6342.18
1921,6349.04
1922,6355.5
1923,6361.1
1924,6366.01
1925,6371.5
1926,6377.4
1927,6383.67
1928,6389.88
1929,6396.08
1930,6402.69
1931,6409.92
1932,6416.93
1933,6423.91
1934,6429.85
1935,6434.57
1936,6437.83
1937,6439.93
1938,6440.94
1939,6441.3
1940,6440.34
1941,6438.59
1942,6435.66
1943,6431.24
1944,6425.25
1945,6418.12
1946,6410.28
1947,6402.95
1948,6395.79
1949,6388.96
1950,6382.73
1951,6375.5
1952,6367.53
1953,6358.86
1954,6349.73
1955,6341
1956,6332.34
1957,6324.62
1958,6317.93
1959,6311.72
1960,6306.24
1961,6301.06
1962,6296.08
1963,6292.18
1964,6289.34
1965,6287.46
1966,6285.74
1967,6283.58
1968,6281.47
1969,6279.38
1970,6277.2
1971,6275.06
1972,6273.06
1973,6270.27
1974,6267.28
1975,6264.55
1976,6262.33
1977,6261.04
1978,6259.72
1979,6259.27
1980,6259.69
1981,6261.45
1982,6264.37
1983,6267.74
1984,6271.49
1985,6275.2
1986,6278.91
1987,6282.52
1988,6285.88
1989,6289.33
1990,6292.26
1991,6295.04
1992,6298.14
1993,6301.86
1994,6305.92
1995,6310.11
1996,6314.97
1997,6319.21
1998,6322.51
1999,6324.23
2000,6324.14
2001,6322.57
2002,6319.91
2003,6316.46
2004,6312.23
2005,6307.38
2006,6302.12
2007,6296.67
2008,6291.66
2009,6287.4
2010,6284
2011,6281.52
2012,6280.67
2013,6281.76
2014,6284.09
2015,6286.64
2016,6288.56
2017,6290.06
2018,6291.34
2019,6292.39
2020,6293.44
2021,6294.08
2022,6294.76
2023,6295.55
2024,6296.44
2025,6297.27
2026,6298.04
2027,6298.47
2028,6298.74
2029,6299.01
2030,6298.95
2031,6298.96
2032,6298.88
2033,6299.5
2034,6300.69
2035,6302.07
2036,6303.15
2037,6304
2038,6304.62
2039,6304.44
2040,6303.37
2041,6301.4
2042,6299.86
2043,6298.34
2044,6296.91
2045,6295.48
2046,6294.45
2047,6293.31
2048,6292.1
2049,6291.18
2050,6290.49
2051,6290.15
2052,6289.96
2053,6289.65
2054,6289.41
2055,6288.87
2056,6287.65
2057,6285.61
2058,6282.74
2059,6279.6
2060,6276.23
2061,6272.58
2062,6267.9
2063,6262.64
2064,6256.98
2065,6251.47
2066,6246.24
2067,6241.18
2068,6236.29
2069,6232.12
2070,6228.84
2071,6225.9
2072,6222.9
2073,6219.84
2074,6216.99
2075,6214.25
2076,6211.22
2077,6207.99
2078,6204.72
2079,6200.99
2080,6196.83
2081,6192.32
2082,6188.35
2083,6185.29
2084,6183.35
2085,6182.01
2086,6181.34
2087,6181.84
2088,6182.84
2089,6184.45
2090,6186.17
2091,6187.29
2092,6187.95
2093,6188.59
2094,6188.75
2095,6188.52
2096,6187.79
2097,6187.39
2098,6187.95
2099,6189.37
2100,6191.71
2101,6195.34
2102,6199.85
2103,6204.88
2104,6210.19
2105,6215.87
2106,6222.15
2107,6228.44
2108,6234.69
2109,6241.26
2110,6248.14
2111,6254.77
2112,6261.89
2113,6269.18
2114,6276.9
2115,6285.13
2116,6293
2117,6300.26
2118,6306.51
2119,6312.8
2120,6319.12
2121,6325.87
2122,6333.01
2123,6340.64
2124,6348.2
2125,6355.91
2126,6363.45
2127,6370.67
2128,6377.65
2129,6384.34
2130,6390.91
2131,6397.26
2132,6404.04
2133,6411.03
2134,6418.37
2135,6425.77
2136,6433.77
2137,6442.28
2138,6451.08
2139,6459.83
2140,6468.43
2141,6476.79
2142,6484.7
2143,6492.43
2144,6500.2
2145,6507.31
2146,6514.34
2147,6521.06
2148,6526.95
2149,6531.46
2150,6534.6
2151,6537.46
2152,6540.21
2153,6542.55
2154,6544.78
2155,6546.83
2156,6549.02
2157,6550.58
2158,6551.68
2159,6551.77
2160,6550.89
2161,6549.63
2162,6548
2163,6546.1
2164,6543.77
2165,6541.21
2166,6538.71
2167,6536.51
2168,6534.59
2169,6532.9
2170,6531.04
2171,6528.81
2172,6526
2173,6523.11
2174,6519.74
2175,6516.03
2176,6511.64
2177,6506.74
2178,6501.3
2179,6495.72
2180,6490.01
2181,6484.16
2182,6477.88
2183,6471.12
2184,6465.16
2185,6461.03
2186,6458.59
2187,6458.02
2188,6458.75
2189,6460.18
2190,6461.66
2191,6462.8
2192,6464.14
2193,6465.03
2194,6465.61
2195,6466.83
2196,6468.02
2197,6469.06
2198,6469.91
2199,6470.16
2200,6469.79
2201,6469.08
2202,6469.33
2203,6470.52
2204,6472.1
2205,6473.73
2206,6475.84
2207,6477.93
2208,6480.19
2209,6482.47
2210,6484.77
2211,6487.84
2212,6491.28
2213,6495.18
2214,6499.29
2215,6503.5
2216,6508.45
2217,6513.34
2218,6518.31
2219,6523.54
2220,6528.99
2221,6533.69
2222,6537.51
2223,6539.52
2224,6539.86
2225,6538.87
2226,6537.39
2227,6535.94
2228,6534.83
2229,6534.66
2230,6534.56
2231,6534.64
2232,6534.68
2233,6534.55
2234,6534.69
2235,6534.76
2236,6535.09
2237,6535.74
2238,6536.53
2239,6537.52
2240,6538.75
2241,6539.82
2242,6540.96
2243,6542.06
2244,6543.32
2245,6544.5
2246,6546.2
2247,6548.44
2248,6550.28
2249,6551.65
2250,6552.33
2251,6552.07
2252,6551.66
2253,6551.42
2254,6551.49
2255,6551.7
2256,6551.8
2257,6551.5
2258,6550.18
2259,6548.33
2260,6546.43
2261,6544.46
2262,6542.31
2263,6539.76
2264,6537.12
2265,6534.55
2266,6532.22
2267,6530.14
2268,6528.77
2269,6527.02
2270,6525.2
2271,6522.89
2272,6519.48
2273,6515.07
2274,6509.86
2275,6503.59
2276,6497.2
2277,6491.32
2278,6485.27
2279,6479.15
2280,6472.74
2281,6466.54
2282,6460.28
2283,6454.01
2284,6447.8
2285,6441.91
2286,6436.31
2287,6430.38
2288,6424.35
2289,6417.74
2290,6410.81
2291,6403.64
2292,6395.28
2293,6386.14
2294,6377.05
2295,6367.97
2296,6359.72
2297,6352.47
2298,6346.41
2299,6341.08
2300,6336.79
2301,6332.75
2302,6328.79
2303,6324.76
2304,6319.82
2305,6313.76
2306,6307.19
2307,6300.08
2308,6292.54
2309,6285.03
2310,6277.71
2311,6270.88
2312,6264.67
2313,6258.94
2314,6253.27
2315,6248.09
2316,6243.68
2317,6240.09
2318,6238.18
2319,6236.85
2320,6235.78
2321,6234.42
2322,6232.05
2323,6228.63
2324,6224.37
2325,6220.63
2326,6217.71
2327,6215.5
2328,6214.19
2329,6213.34
2330,6213.02
2331,6212.98
2332,6212.98
2333,6212.9
2334,6212.89
2335,6212.48
2336,6211.77
2337,6211.29
2338,6211.36
2339,6212.52
2340,6214.07
2341,6215.99
2342,6217.41
2343,6217.86
2344,6218
2345,6218.17
2346,6218.99
2347,6220.62
2348,6222.81
2349,6225.5
2350,6228.45
2351,6232.14
2352,6236.85
2353,6242.05
2354,6247.73
2355,6253.94
2356,6260.38
2357,6266.88
2358,6273.08
2359,6279.04
2360,6285.05
2361,6291.24
2362,6298.18
2363,6305.61
2364,6312.55
2365,6319.08
2366,6325.01
2367,6330.85
2368,6336.83
2369,6343.13
2370,6349.63
2371,6356.57
2372,6364.16
2373,6371.85
2374,6379.14
2375,6385.29
2376,6389.1
2377,6391.28
2378,6392.77
2379,6393.6
2380,6394.24
2381,6394.6
2382,6394.99
2383,6395.11
2384,6395.53
2385,6396.02
2386,6395.78
2387,6395.02
2388,6394.17
2389,6393.45
2390,6393.15
2391,6392.96
2392,6392.87
2393,6392.62
2394,6392.31
2395,6391.79
2396,6391.16
2397,6389.99
2398,6388.74
2399,6386.65
2400,6383.97
2401,6381.02
2402,6378.08
2403,6375.03
2404,6372.7
2405,6371.14
2406,6369.98
2407,6368.85
2408,6367.68
2409,6366.24
2410,6365.4
2411,6364.93
2412,6365
2413,6365.04
2414,6364.85
2415,6364.4
2416,6364.03
2417,6363.62
2418,6363.53
2419,6363.98
2420,6364.26
2421,6364.58
2422,6365.21
2423,6366.22
2424,6367.34
2425,6368.29
2426,6369.54
2427,6370.94
2428,6372.09
2429,6372.45
2430,6372.31
2431,6371.41
2432,6370.19
2433,6368.89
2434,6367.38
2435,6366.7
2436,6367.08
2437,6367.9
2438,6369.25
2439,6370.57
2440,6371.22
2441,6371.48
2442,6371.44
2443,6371.16
2444,6370.79
2445,6370.56
2446,6370.33
2447,6370.37
2448,6370.51
2449,6370.67
2450,6370.9
2451,6371.28
2452,6371.54
2453,6371.73
2454,6371.72
2455,6372.59
2456,6373.61
2457,6375.37
2458,6377.2
2459,6379.21
2460,6381.56
2461,6384.48
2462,6387.4
2463,6390.26
2464,6392.78
2465,6394.94
2466,6397.03
2467,6399.2
2468,6401
2469,6402.48
2470,6403.17
2471,6403.13
2472,6402.55
2473,6401.98
2474,6401.58
2475,6401.09
2476,6400.79
2477,6400.2
2478,6399.5
2479,6398.11
2480,6396.37
2481,6393.77
2482,6391.03
2483,6388.44
2484,6386.18
2485,6383.61
2486,6380.75
2487,6378.25
2488,6375.24
2489,6371.52
2490,6368.35
2491,6365.07
2492,6362.2
2493,6358.64
2494,6354.41
2495,6350.21
2496,6346.42
2497,6342.74
2498,6339.4
2499,6336.19
2500,6332.28
2501,6327.64
2502,6322.74
2503,6317.65
2504,6312.87
2505,6308.1
2506,6303.09
2507,6297.95
2508,6292.26
2509,6286.77
2510,6280.97
2511,6275.69
2512,6270.3
2513,6264.34
2514,6258.11
2515,6251.44
2516,6244.19
2517,6236.18
2518,6228.18
2519,6220.78
2520,6213.56
2521,6206.65
2522,6200.2
2523,6194.08
2524,6188.13
2525,6182.07
2526,6176.05
2527,6169.53
2528,6162.77
2529,6156.83
2530,6151.67
2531,6147.45
2532,6144.88
2533,6142.89
2534,6141.23
2535,6139.28
2536,6137.02
2537,6134.77
2538,6133.6
2539,6133.65
2540,6134.53
2541,6135.63
2542,6136.88
2543,6138.72
2544,6141.32
2545,6144.84
2546,6149.11
2547,6154.58
2548,6160.49
2549,6167.29
2550,6174.59
2551,6182.51
2552,6191.38
2553,6201.09
2554,6210.6
2555,6219.66
2556,6228.59
2557,6236.59
2558,6243.85
2559,6250.54
2560,6257.47
2561,6264.32
2562,6271.36
2563,6278.28
2564,6285.12
2565,6291.63
2566,6297.47
2567,6302.85
2568,6308.5
2569,6314.97
2570,6322.5
2571,6330.26
2572,6338.23
2573,6345.6
2574,6352.4
2575,6358.49
2576,6363.86
2577,6368.64
2578,6372.88
2579,6377.16
2580,6381.29
2581,6385.25
2582,6389.68
2583,6394.15
2584,6398.54
2585,6402.97
2586,6407.54
2587,6412.02
2588,6416.4
2589,6420.31
2590,6424.17
2591,6428.04
2592,6431.99
2593,6436.21
2594,6440.11
2595,6443.55
2596,6446.84
2597,6449.56
2598,6451.74
2599,6454.39
2600,6456.65
2601,6458.76
2602,6460.07
2603,6460.3
2604,6460.42
2605,6459.84
2606,6458.34
2607,6455.78
2608,6452.37
2609,6448.3
2610,6443.99
2611,6439.96
2612,6436.26
2613,6432.7
2614,6430.03
2615,6428.77
2616,6428.57
2617,6428.38
2618,6428.94
2619,6429.65
2620,6430.07
2621,6430.12
2622,6430.01
2623,6429.76
2624,6429.54
2625,6429.32
2626,6429.05
2627,6428.55
2628,6427.15
2629,6424.95
2630,6421.84
2631,6418.33
2632,6414.77
2633,6411.24
2634,6407.93
2635,6405.09
2636,6402.22
2637,6399.68
2638,6396.7
2639,6393.73
2640,6390.75
2641,6388.04
2642,6386.35
2643,6385.57
2644,6385.44
2645,6385.86
2646,6386.54
2647,6387.22
2648,6388.32
2649,6389.77
2650,6391.27
2651,6392.78
2652,6393.94
2653,6394.38
2654,6394.01
2655,6392.68
2656,6391.15
2657,6389.1
2658,6386.44
2659,6383.73
2660,6381.48
2661,6379.51
2662,6377.79
2663,6376.13
2664,6374.44
2665,6372.59
2666,6370.6
2667,6368.27
2668,6365.57
2669,6363.28
2670,6360.77
2671,6358.45
2672,6355.73
2673,6351.75
2674,6347.04
2675,6341.34
2676,6334.24
2677,6327.13
2678,6319.97
2679,6312.89
2680,6306.33
2681,6300.23
2682,6295.06
2683,6289.91
2684,6284.61
2685,6279.64
2686,6274.81
2687,6270.14
2688,6265.09
2689,6259.65
2690,6253.65
2691,6248.02
2692,6242.99
2693,6237.61
2694,6232.27
2695,6227.1
2696,6222.13
2697,6217.52
2698,6213.09
2699,6208.79
2700,6204.81
2701,6200.84
2702,6196.98
2703,6193.22
2704,6189.73
2705,6186.36
2706,6183.48
2707,6181.56
2708,6180.69
2709,6180.5
2710,6179.8
2711,6179.01
2712,6177.92
2713,6177.04
2714,6176.29
2715,6175.56
2716,6175.31
2717,6175.62
2718,6176.44
2719,6177.57
2720,6179.32
2721,6180.9
2722,6182.17
2723,6183
2724,6183.13
2725,6182.46
2726,6181.83
2727,6181.18
2728,6181.37
2729,6182.56
2730,6184.14
2731,6185.87
2732,6186.97
2733,6187.31
2734,6186.29
2735,6184.29
2736,6181.3
2737,6177.57
2738,6173.45
2739,6169.08
2740,6164.63
2741,6160.25
2742,6156.4
2743,6152.47
2744,6148.79
2745,6145.48
2746,6141.74
2747,6137.43
2748,6133.05
2749,6129.33
2750,6125.24
2751,6121.75
2752,6118.35
2753,6115.13
2754,6111.84
2755,6108.84
2756,6106.49
2757,6104.93
2758,6103.92
2759,6102.47
2760,6100.37
2761,6097.8
2762,6094.7
2763,6091.46
2764,6087.75
2765,6083.61
2766,6078.67
2767,6073.86
2768,6069.44
2769,6065.84
2770,6063.43
2771,6062.53
2772,6062.48
2773,6063.69
2774,6065.33
2775,6066.77
2776,6067.69
2777,6068.4
2778,6068.87
2779,6069.81
2780,6071.67
2781,6074.12
2782,6076.91
2783,6079.7
2784,6081.91
2785,6083.42
2786,6084.41
2787,6084.88
2788,6084.83
2789,6084.67
2790,6084.89
2791,6085.81
2792,6088.25
2793,6091.6
2794,6096.18
2795,6100.96
2796,6106.01
2797,6110.77
2798,6115.29
2799,6119.77
2800,6124.48
2801,6128.95
2802,6133.33
2803,6137.38
2804,6141.2
2805,6145.58
2806,6150.56
2807,6156.63
2808,6163.85
2809,6171.52
2810,6179.59
2811,6188.21
2812,6197.36
2813,6206.5
2814,6215.11
2815,6222.9
2816,6229.57
2817,6235.78
2818,6241.33
2819,6246.39
2820,6250.9
2821,6254.86
2822,6259.1
2823,6264.2
2824,6269.76
2825,6276.04
2826,6282.24
2827,6288.03
2828,6293.19
2829,6297.19
2830,6300.45
2831,6303.12
2832,6305.8
2833,6307.86
2834,6309.85
2835,6311.17
2836,6312.02
2837,6312.01
2838,6311.06
2839,6308.84
2840,6305.45
2841,6301.53
2842,6297.32
2843,6293.73
2844,6290.97
2845,6288.74
2846,6286.66
2847,6284.25
2848,6281.49
2849,6278.52
2850,6275.44
2851,6272.04
2852,6268.86
2853,6266.26
2854,6264.41
2855,6262.86
2856,6261.62
2857,6260.28
2858,6258.63
2859,6256.88
2860,6254.97
2861,6253.01
2862,6251.05
2863,6249.35
2864,6247.91
2865,6246.54
2866,6246.17
2867,6247.03
2868,6248.66
2869,6251.09
2870,6253.45
2871,6255.57
2872,6257.52
2873,6258.75
2874,6259.12
2875,6259.24
2876,6259.65
2877,6260.64
2878,6262.61
2879,6264.14
2880,6265.83
2881,6267.26
2882,6268.39
2883,6268.98
2884,6269.78
2885,6270.37
2886,6270.94
2887,6272.22
2888,6274.23
2889,6277.51
2890,6280.87
2891,6283.82
2892,6287.17
2893,6290.47
2894,6293.26
2895,6296.73
2896,6300.41
2897,6303.51
2898,6306.49
2899,6309.03
2900,6311.5
2901,6314.43
2902,6317.42
2903,6319.74
2904,6321.41
2905,6323.52
2906,6325.56
2907,6326.96
2908,6327.89
2909,6328.59
2910,6329.88
2911,6330.87
2912,6331.49
2913,6331.61
2914,6331.82
2915,6331.87
2916,6332.75
2917,6333.95
2918,6335.41
2919,6336.54
2920,6337.31
2921,6337.85
2922,6338.45
2923,6339.81
2924,6341.71
2925,6343.91
2926,6346.42
2927,6348.75
2928,6350.92
2929,6352.76
2930,6355.03
2931,6356.69
2932,6357.72
2933,6357.29
2934,6355.63
2935,6352.78
2936,6349.32
2937,6345.63
2938,6341.97
2939,6338.2
2940,6334.53
2941,6330.32
2942,6326.06
2943,6321.54
2944,6317.11
2945,6313.1
2946,6310.04
2947,6307.59
2948,6306
2949,6304.63
2950,6303.78
2951,6303.29
2952,6302.79
2953,6301.66
2954,6299.95
2955,6298.3
2956,6296.47
2957,6294.3
2958,6291.37
2959,6288.34
2960,6285.95
2961,6283.76
2962,6281.52
2963,6279.51
2964,6277.64
2965,6275.97
2966,6275
2967,6274.06
2968,6272.42
2969,6271.23
2970,6270.26
2971,6268.74
2972,6267.44
2973,6266.52
2974,6265.57
2975,6264.53
2976,6263.82
2977,6263.91
2978,6264.59
2979,6266.24
2980,6268.7
2981,6271.67
2982,6275.51
2983,6279.65
2984,6283.45
2985,6287.2
2986,6290.85
2987,6294.63
2988,6298.43
2989,6301.88
2990,6305.26
2991,6308.42
2992,6310.92
2993,6313.14
2994,6314.75
2995,6315.41
2996,6315.83
2997,6316.15
2998,6316.87
2999,6318.85
3000,6321.13
3001,6323.37
3002,6325.57
3003,6327.07
3004,6327.85
3005,6328.23
3006,6328.26
3007,6327.74
3008,6326.85
3009,6326.03
3010,6325.51
3011,6325.27
3012,6325.93
3013,6327.28
3014,6328.76
3015,6330.67
3016,6333.27
3017,6335.77
3018,6337.65
3019,6339.49
3020,6341.46
3021,6344.45
3022,6348.33
3023,6352.74
3024,6357.48
3025,6361.83
3026,6365.77
3027,6369.14
3028,6371.82
3029,6374.18
3030,6375.93
3031,6377.91
3032,6380.04
3033,6382.16
3034,6383.93
3035,6385.15
3036,6385.77
3037,6385.65
3038,6384.72
3039,6383.65
3040,6382.66
3041,6382.22
3042,6381.42
3043,6380.18
3044,6377.68
3045,6374.7
3046,6371.93
3047,6369.84
3048,6368.72
3049,6368.65
3050,6368.93
3051,6369.39
3052,6370.14
3053,6370.88
3054,6372.23
3055,6373.59
3056,6374.14
3057,6373.75
3058,6371.57
3059,6368.3
3060,6364.32
3061,6360.39
3062,6358.23
3063,6357.85
3064,6359.87
3065,6363.49
3066,6367.63
3067,6371.24
3068,6374.7
3069,6377.39
3070,6379.13
3071,6380.01
3072,6380.72
3073,6381.18
3074,6381.39
3075,6381.48
3076,6381.53
3077,6381.92
3078,6382.04
3079,6382.81
3080,6384.18
3081,6385.68
3082,6386.52
3083,6386.07
3084,6384.64
3085,6382.85
3086,6381.66
3087,6380.09
3088,6377.77
3089,6375.38
3090,6373.43
3091,6371.61
3092,6369.28
3093,6367.17
3094,6364.71
3095,6362.09
3096,6359.3
3097,6356.32
3098,6352.88
3099,6348.55
3100,6343.47
3101,6337.9
3102,6331.54
3103,6324.87
3104,6317.39
3105,6309.81
3106,6302.82
3107,6295.92
3108,6288.86
3109,6281.31
3110,6273.51
3111,6265.71
3112,6258.37
3113,6251.67
3114,6245.31
3115,6239.5
3116,6233.85
3117,6228.64
3118,6224.01
3119,6220.34
3120,6216.34
3121,6212.72
3122,6208.71
3123,6204.27
3124,6200.18
3125,6195.97
3126,6191.16
3127,6186.63
3128,6182.1
3129,6178.43
3130,6176.85
3131,6177.11
3132,6178.4
3133,6180.1
3134,6181.61
3135,6182.2
3136,6181.89
3137,6180.51
3138,6178.04
3139,6174.48
3140,6170.45
3141,6166.61
3142,6163.7
3143,6161.38
3144,6159.49
3145,6157.69
3146,6156.07
3147,6154.9
3148,6154.25
3149,6154.09
3150,6154.55
3151,6155.74
3152,6157.2
3153,6158.7
3154,6159.51
3155,6160.21
3156,6160.56
3157,6161.21
3158,6161.65
3159,6162.24
3160,6163.3
3161,6164.8
3162,6166.3
3163,6168.51
3164,6171.23
3165,6174.14
3166,6177.35
3167,6180.27
3168,6183.35
3169,6187.24
3170,6191.19
3171,6194.81
3172,6198.24
3173,6201.61
3174,6204.19
3175,6205.56
3176,6205.95
3177,6205.19
3178,6205.02
3179,6205.71
3180,6206.74
3181,6207.99
3182,6209.08
3183,6210.22
3184,6211.14
3185,6211.74
3186,6212.57
3187,6213.28
3188,6213.59
3189,6213.61
3190,6213.81
3191,6213.81
3192,6213.63
3193,6213.69
3194,6213.85
3195,6214.43
3196,6215.84
3197,6217.96
3198,6220.75
3199,6224.05
3200,6228.15
3201,6232.11
3202,6235.5
3203,6238.55
3204,6240.77
3205,6242.52
3206,6244.52
3207,6245.42
3208,6245.62
3209,6245.61
3210,6245.08
3211,6244.31
3212,6243.85
3213,6243.31
3214,6242.23
3215,6241.1
3216,6240.47
3217,6239.48
3218,6238.31
3219,6238.37
3220,6238.9
3221,6239.65
3222,6240.72
3223,6241.21
3224,6241.05
3225,6240.78
3226,6240.88
3227,6240.78
3228,6240.52
3229,6239.91
3230,6239.46
3231,6239.73
3232,6240.64
3233,6241.85
3234,6242.97
3235,6244.28
3236,6244.88
3237,6245.22
3238,6245.55
3239,6246.56
3240,6248.33
3241,6250.93
3242,6253.77
3243,6256.7
3244,6259.48
3245,6262.13
3246,6264.79
3247,6267.74
3248,6270.06
3249,6271.68
3250,6273.26
3251,6274.92
3252,6276.04
3253,6276.85
3254,6277.13
3255,6277.15
3256,6277.39
3257,6278.39
3258,6279.45
3259,6279.94
3260,6279.82
3261,6278.93
3262,6277.1
3263,6275.01
3264,6271.8
3265,6267.69
3266,6263.15
3267,6258.96
3268,6255.64
3269,6253.8
3270,6252.94
3271,6252.91
3272,6253.56
3273,6255.22
3274,6257.25
3275,6259.73
3276,6261.88
3277,6263.77
3278,6265.98
3279,6268.54
3280,6270.92
3281,6273.98
3282,6276.97
3283,6279.31
3284,6281.11
3285,6283.03
3286,6285.05
3287,6287.66
3288,6290.14
3289,6292.61
3290,6293.55
3291,6293.22
3292,6291.07
3293,6287.57
3294,6285.19
3295,6283.04
3296,6281.44
3297,6280.07
3298,6278.15
3299,6275.22
3300,6271.59
3301,6267.03
3302,6262.7
3303,6258.23
3304,6253.59
3305,6249.11
3306,6245.62
3307,6242.49
3308,6239.28
3309,6235.69
3310,6232.07
3311,6228.15
3312,6223.88
3313,6219.13
3314,6214.07
3315,6208.2
3316,6202.66
3317,6197.75
3318,6193.43
3319,6189.62
3320,6186.25
3321,6182.98
3322,6179.98
3323,6178.47
3324,6178.24
3325,6179.48
3326,6181.31
3327,6182.86
3328,6183.93
3329,6184.36
3330,6184.96
3331,6186.24
3332,6188.32
3333,6190.79
3334,6193.1
3335,6195.78
3336,6197.89
3337,6199.31
3338,6200.11
3339,6200.74
3340,6201.04
3341,6201.47
3342,6201.97
3343,6203.04
3344,6203.81
3345,6204.32
3346,6204.88
3347,6205.37
3348,6205.73
3349,6206.34
3350,6207.15
3351,6207.3
3352,6206.41
3353,6203.82
3354,6200.18
3355,6196.31
3356,6192.43
3357,6189.66
3358,6187.22
3359,6184.9
3360,6183.31
3361,6181.91
3362,6180.99
3363,6180.5
3364,6180.63
3365,6181.42
3366,6183.12
3367,6184.62
3368,6185.93
3369,6187.77
3370,6189.29
3371,6190.17
3372,6190.75
3373,6190.69
3374,6190.22
3375,6189.17
3376,6187.88
3377,6185.99
3378,6183.03
3379,6179.64
3380,6175.63
3381,6172.18
3382,6169.76
3383,6167.79
3384,6166.35
3385,6165.26
3386,6165.18
3387,6165.76
3388,6167.5
3389,6170.05
3390,6172.82
3391,6175.16
3392,6176.43
3393,6176.42
3394,6175.45
3395,6174.01
3396,6172.88
3397,6172.5
3398,6173.15
3399,6173.77
3400,6174.31
3401,6174.81
3402,6175.66
3403,6176.22
3404,6176.59
3405,6176.66
3406,6176.93
3407,6176.7
3408,6175.84
3409,6174.69
3410,6174.18
3411,6174.04
3412,6175.11
3413,6176.49
3414,6178.81
3415,6181.24
3416,6183.79
3417,6185.57
3418,6186.34
3419,6187.53
3420,6188.98
3421,6190.04
3422,6191.11
3423,6191.69
3424,6192.52
3425,6193.49
3426,6194.62
3427,6196.1
3428,6197.62
3429,6199.69
3430,6201.91
3431,6204.35
3432,6207.19
3433,6209.93
3434,6212.06
3435,6213.59
3436,6214.33
3437,6214.54
3438,6214.27
3439,6213.73
3440,6213.38
3441,6212.68
3442,6212.4
3443,6212.31
3444,6212.46
3445,6212.8
3446,6213.77
3447,6215.24
3448,6217.31
3449,6219.15
3450,6220.45
3451,6221.62
3452,6223.14
3453,6225.59
3454,6228.63
3455,6231.86
3456,6235.24
3457,6238.57
3458,6242.13
3459,6245.36
3460,6248.8
3461,6251.72
3462,6253.9
3463,6255.48
3464,6256.3
3465,6256.31
3466,6256.14
3467,6256.4
3468,6256.99
3469,6257.07
3470,6256.48
3471,6255.53
3472,6254.39
3473,6253.25
3474,6252.69
3475,6252.36
3476,6252.65
3477,6254.1
3478,6256.51
3479,6260.07
3480,6264.77
3481,6269.74
3482,6274.62
3483,6279.66
3484,6284.46
3485,6289.03
3486,6293.94
3487,6298.62
3488,6303.19
3489,6306.6
3490,6309.42
3491,6311.62
3492,6313.8
3493,6316.11
3494,6318.62
3495,6321.17
3496,6323.4
3497,6325.11
3498,6326.87
3499,6328.37
3500,6330.03
3501,6331.43
3502,6332.59
3503,6334.13
3504,6336.26
3505,6338.91
3506,6340.98
3507,6342.92
3508,6344.31
3509,6345.36
3510,6345.6
3511,6345.73
3512,6345.04
3513,6343.98
3514,6342.1
3515,6340.3
3516,6338.24
3517,6336.07
3518,6334.13
3519,6332.6
3520,6331.33
3521,6329.85
3522,6328.23
3523,6326.49
3524,6324.67
3525,6323.08
3526,6321.28
3527,6319.72
3528,6317.89
3529,6315.22
3530,6312.43
3531,6309.31
3532,6306.03
3533,6303.16
3534,6300.09
3535,6296.91
3536,6293.79
3537,6290.31
3538,6286.51
3539,6281.58
3540,6276.15
3541,6270.31
3542,6264.41
3543,6259.02
3544,6254.68
3545,6251.5
3546,6248.97
3547,6246.87
3548,6245.16
3549,6243.84
3550,6242.96
3551,6241.96
3552,6240.9
3553,6239.93
3554,6239.28
3555,6238.61
3556,6237.99
3557,6237.04
3558,6235.62
3559,6233.57
3560,6231.23
3561,6229.47
3562,6228.78
3563,6228.92
3564,6229.08
3565,6229.4
3566,6229.9
3567,6230.48
3568,6231.67
3569,6232.93
3570,6234.53
3571,6235.88
3572,6237.56
3573,6239.21
3574,6241.26
3575,6243.56
3576,6245.63
3577,6247.64
3578,6249.15
3579,6250.5
3580,6252.05
3581,6253.4
3582,6254.15
3583,6254.86
3584,6255.66
3585,6256.08
3586,6256.61
3587,6257.41
3588,6258.55
3589,6259.67
3590,6260.87
3591,6261.91
3592,6263.15
3593,6264.79
3594,6266.47
3595,6268.21
3596,6270.12
3597,6272.55
3598,6275.48
3599,6277.49
3600,6278.84
3601,6278.71
3602,6278.13
3603,6277.46
3604,6276.62
3605,6275.7
3606,6274.99
3607,6274.03
3608,6272.5
3609,6270.37
3610,6268.08
3611,6266.28
3612,6264.99
3613,6264.31
3614,6263.82
3615,6263.91
3616,6264.45
3617,6265.61
3618,6267.18
3619,6268.88
3620,6270.06
3621,6270.76
3622,6269.83
3623,6268.04
3624,6266.06
3625,6263.9
3626,6262.58
3627,6261.84
3628,6262.21
3629,6262.81
3630,6263.8
3631,6265.54
3632,6267.52
3633,6269.91
3634,6272.38
3635,6274.29
3636,6275.91
3637,6276.82
3638,6277.2
3639,6277.06
3640,6276.6
3641,6276.26
3642,6275.59
3643,6274.99
3644,6274.52
3645,6273.62
3646,6272.84
3647,6271.74
3648,6271
3649,6270.96
3650,6271.59
3651,6272.02
3652,6272.87
3653,6274.42
3654,6276.45
3655,6278.34
3656,6279.92
3657,6282.19
3658,6284.43
3659,6287.21
3660,6289.9
3661,6293.34
3662,6297.28
3663,6301.16
3664,6304.73
3665,6307.57
3666,6309.25
3667,6310.91
3668,6312.11
3669,6313.42
3670,6315.08
3671,6316.55
3672,6318.13
3673,6319.86
3674,6321.67
3675,6323.35
3676,6325.31
3677,6327.05
3678,6328.72
3679,6330.52
3680,6332.1
3681,6333.79
3682,6335.88
3683,6338.15
3684,6340.69
3685,6343.32
3686,6346.01
3687,6349.09
3688,6352.02
3689,6354.67
3690,6357.72
3691,6360.91
3692,6364.34
3693,6368.13
3694,6372.12
3695,6375.95
3696,6379.82
3697,6383.22
3698,6385.91
3699,6388.22
3700,6390.52
3701,6393.04
3702,6395.66
3703,6398.34
3704,6400.85
3705,6403.4
3706,6406.04
3707,6408.65
3708,6411.35
3709,6414.03
3710,6416.61
3711,6418.86
3712,6420.89
3713,6422.89
3714,6425.83
3715,6428.96
3716,6432.38
3717,6435.63
3718,6438.78
3719,6441.59
3720,6443.93
3721,6445.57
3722,6446.84
3723,6447.33
3724,6447.8
3725,6448.14
3726,6449.46
3727,6450.95
3728,6452.66
3729,6454.16
3730,6455.13
3731,6455.59
3732,6455.55
3733,6454.65
3734,6453.43
3735,6451.25
3736,6448.92
3737,6446.24
3738,6443.07
3739,6439.11
3740,6435.14
3741,6431.3
3742,6427.48
3743,6423.98
3744,6420.93
3745,6418.43
3746,6417.17
3747,6416.16
3748,6414.87
3749,6413.26
3750,6411.08
3751,6407.87
3752,6404.22
3753,6400.16
3754,6396.04
3755,6392.37
3756,6389.55
3757,6386.97
3758,6384.24
3759,6381.11
3760,6376.94
3761,6372.38
3762,6367.4
3763,6362.76
3764,6358.66
3765,6354.86
3766,6351.33
3767,6348.13
3768,6344.94
3769,6341.98
3770,6339.07
3771,6336.41
3772,6333.62
3773,6331.14
3774,6329.32
3775,6327.77
3776,6327.35
3777,6328.04
3778,6330.05
3779,6332.12
3780,6334.32
3781,6336.82
3782,6339.23
3783,6340.94
3784,6341.85
3785,6342.35
3786,6342.65
3787,6342.56
3788,6342.2
3789,6341.53
3790,6340.27
3791,6338.61
3792,6336.51
3793,6333.99
3794,6331.8
3795,6329.71
3796,6327.26
3797,6325.12
3798,6322.97
3799,6321.39
3800,6319.88
3801,6318.82
3802,6318.41
3803,6319.19
3804,6320.16
3805,6321.74
3806,6323.58
3807,6324.96
3808,6325.71
3809,6325.34
3810,6324.48
3811,6323.24
3812,6322.42
3813,6322.06
3814,6321.36
3815,6320.54
3816,6319.48
3817,6318.48
3818,6317.66
3819,6317.17
3820,6317.35
3821,6317.34
3822,6317.45
3823,6317.61
3824,6318.05
3825,6318.61
3826,6319.26
3827,6320.12
3828,6320.94
3829,6322.11
3830,6323.38
3831,6324.57
3832,6324.72
3833,6324.7
3834,6324.34
3835,6323.69
3836,6323.73
3837,6324.12
3838,6325.08
3839,6327.22
3840,6329.5
3841,6332.62
3842,6336.03
3843,6339.62
3844,6342.69
3845,6345.49
3846,6348.19
3847,6350.87
3848,6353.48
3849,6355.75
3850,6357.85
3851,6359.85
3852,6361.45
3853,6362.18
3854,6362.17
3855,6361.19
3856,6359.78
3857,6357.25
3858,6355.28
3859,6353.71
3860,6352.88
3861,6352.32
3862,6352.16
3863,6352.31
3864,6352.72
3865,6353.28
3866,6353.59
3867,6354.08
3868,6354.74
3869,6356.01
3870,6357.7
3871,6359.66
3872,6362.26
3873,6364.39
3874,6365.98
3875,6367.32
3876,6368.1
3877,6368.76
3878,6369.33
3879,6369.91
3880,6369.95
3881,6369.32
3882,6367.06
3883,6364.04
3884,6360.2
3885,6355.88
3886,6350.85
3887,6345.71
3888,6340.57
3889,6335.71
3890,6331.71
3891,6328
3892,6324.86
3893,6322.68
3894,6320.75
3895,6318.28
3896,6315.22
3897,6311.68
3898,6308.02
3899,6304.06
3900,6299.83
3901,6295.49
3902,6291.15
3903,6287.26
3904,6284.18
3905,6281.96
3906,6281.02
3907,6280.89
3908,6281.13
3909,6281.83
3910,6283.04
3911,6285.09
3912,6288.25
3913,6291.66
3914,6295.53
3915,6299.74
3916,6304.77
3917,6310.25
3918,6315.58
3919,6320.83
3920,6325.35
3921,6330.25
3922,6335.52
3923,6341.29
3924,6347.6
3925,6354.39
3926,6361.44
3927,6368.52
3928,6375.53
3929,6382.51
3930,6389.12
3931,6395.63
3932,6401.77
3933,6407.62
3934,6413.08
3935,6418.41
3936,6423.93
3937,6428.68
3938,6432.64
3939,6435.37
3940,6436.76
3941,6437.32
3942,6437.41
3943,6437.23
3944,6436.56
3945,6435.64
3946,6434.38
3947,6432.5
3948,6429.77
3949,6426.12
3950,6422.22
3951,6418.81
3952,6415.06
3953,6411.25
3954,6408.06
3955,6405.75
3956,6404.03
3957,6402.83
3958,6401.83
3959,6401.55
3960,6401.38
3961,6401.81
3962,6401.22
3963,6400.63
3964,6399.9
3965,6398.78
3966,6397.53
3967,6396.32
3968,6395.1
3969,6393.55
3970,6391.63
3971,6389.77
3972,6388.94
3973,6388.53
3974,6388.15
3975,6387.39
3976,6386.6
3977,6386.79
3978,6388.19
3979,6390.27
3980,6392.57
3981,6395.01
3982,6397.34
3983,6398.99
3984,6400.6
3985,6401.6
3986,6402.75
3987,6403.13
3988,6402.73
3989,6400.98
3990,6398.81
3991,6397.1
3992,6395.17
3993,6393.2
3994,6391.44
3995,6389.3
3996,6386.71
3997,6384.13
3998,6381.05
3999,6377.73
4000,6374.45
4001,6371.42
4002,6368.46
4003,6366.03
4004,6364.2
4005,6362.97
4006,6362.72
4007,6363.06
4008,6364.19
4009,6366.03
4010,6367.85
4011,6370.22
4012,6372.41
4013,6373.94
4014,6375.32
4015,6376.57
4016,6377.9
4017,6379.07
4018,6380.29
4019,6381.25
4020,6382.03
4021,6382.06
4022,6382.13
4023,6382.28
4024,6382.99
4025,6384.43
4026,6386.77
4027,6390.2
4028,6394.46
4029,6399.21
4030,6404.21
4031,6408.84
4032,6412.57
4033,6415.37
4034,6417.69
4035,6420.27
4036,6422.92
4037,6425.76
4038,6428.48
4039,6431.37
4040,6434.13
4041,6437.08
4042,6440.1
4043,6443.37
4044,6446.5
4045,6449.69
4046,6453.06
4047,6456.66
4048,6461.42
4049,6466.49
4050,6470.99
4051,6474.9
4052,6478.27
4053,6481.24
4054,6483.68
4055,6485.79
4056,6487.65
4057,6489.74
4058,6491.37
4059,6492.36
4060,6492.32
4061,6491.29
4062,6489.84
4063,6487.29
4064,6484.52
4065,6481.86
4066,6479.66
4067,6477.89
4068,6476.7
4069,6476
4070,6475.17
4071,6474.04
4072,6472.02
4073,6469.24
4074,6466.09
4075,6462.44
4076,6458.54
4077,6454.42
4078,6450.28
4079,6446.39
4080,6442.39
4081,6438.61
4082,6434.89
4083,6430.76
4084,6426.66
4085,6422.59
4086,6419.48
4087,6416.42
4088,6413.31
4089,6410.57
4090,6408.21
4091,6405.89
4092,6403.83
4093,6401.57
4094,6399.61
4095,6397.93
4096,6395.97
4097,6394.14
4098,6391.84
4099,6389.14
4100,6386.01
4101,6382.73
4102,6379.78
4103,6377.02
4104,6374.74
4105,6372.91
4106,6371.79
4107,6371.17
4108,6370.8
4109,6370.51
4110,6370.18
4111,6370.62
4112,6371.79
4113,6373.29
4114,6375.19
4115,6377
4116,6378.58
4117,6380.44
4118,6382.76
4119,6385.09
4120,6387.98
4121,6390.8
4122,6393.37
4123,6394.75
4124,6395.87
4125,6396.59
4126,6397.41
4127,6398.5
4128,6399.9
4129,6401.66
4130,6403.25
4131,6404.71
4132,6406.4
4133,6408.84
4134,6411.56
4135,6414.05
4136,6416.13
4137,6418.26
4138,6421.01
4139,6424.05
4140,6426.67
4141,6428.84
4142,6431.06
4143,6433.38
4144,6436.16
4145,6438.52
4146,6440.62
4147,6442.56
4148,6444.47
4149,6446.74
4150,6448.91
4151,6451
4152,6452.66
4153,6453.93
4154,6455.24
4155,6456.5
4156,6457.6
4157,6459.54
4158,6461.88
4159,6465.07
4160,6468.61
4161,6471.78
4162,6474.7
4163,6476.85
4164,6478.27
4165,6478.75
4166,6478.36
4167,6477.18
4168,6475.4
4169,6473.36
4170,6471.08
4171,6468.84
4172,6467.05
4173,6466.07
4174,6465.59
4175,6465.46
4176,6464.96
4177,6464.25
4178,6463.06
4179,6462.07
4180,6461.1
4181,6459.67
4182,6458.32
4183,6457.17
4184,6455.86
4185,6454.55
4186,6453.04
4187,6451.45
4188,6449.64
4189,6448.2
4190,6447.06
4191,6446.22
4192,6445.17
4193,6443.71
4194,6441.7
4195,6439.29
4196,6436.49
4197,6433.28
4198,6429.49
4199,6425.41
4200,6421.45
4201,6417.42
4202,6413.47
4203,6410.1
4204,6407.46
4205,6404.85
4206,6402.79
4207,6401
4208,6399.9
4209,6399.24
4210,6399.11
4211,6399.6
4212,6400.67
4213,6402.24
4214,6404.2
4215,6406.04
4216,6407.13
4217,6407.95
4218,6408.48
4219,6409
4220,6409.45
4221,6410.17
4222,6410.66
4223,6410.88
4224,6410.11
4225,6408.61
4226,6406.34
4227,6404.11
4228,6402.28
4229,6400.89
4230,6400.14
4231,6399.99
4232,6400.91
4233,6402.57
4234,6403.93
4235,6405.48
4236,6408.01
4237,6410.83
4238,6413.47
4239,6415.77
4240,6417.63
4241,6418.84
4242,6419.3
4243,6419.53
4244,6419.72
4245,6420.38
4246,6421.31
4247,6422.42
4248,6423.69
4249,6425.44
4250,6427.74
4251,6430.77
4252,6433.65
4253,6436.31
4254,6439.1
4255,6441.61
4256,6444.31
4257,6447.35
4258,6450.63
4259,6454.13
4260,6457.61
4261,6460.14
4262,6461.55
4263,6462.55
4264,6463.37
4265,6464.25
4266,6464.86
4267,6466.07
4268,6467.53
4269,6469.45
4270,6471.73
4271,6474.38
4272,6477.45
4273,6480.5
4274,6483.6
4275,6486.78
4276,6489.87
4277,6493.31
4278,6496.78
4279,6499.91
4280,6502.03
4281,6502.85
4282,6502.72
4283,6502.24
4284,6501.82
4285,6501.21
4286,6500.07
4287,6498.6
4288,6496.87
4289,6495.04
4290,6492.53
4291,6489.98
4292,6487.41
4293,6485.06
4294,6482.97
4295,6481.19
4296,6479.85
4297,6478.78
4298,6477.98
4299,6477.34
4300,6476.83
4301,6475.97
4302,6474.51
4303,6472.72
4304,6470.6
4305,6467.94
4306,6464.71
4307,6461.36
4308,6457.53
4309,6454.12
4310,6451.42
4311,6448.62
4312,6446.07
4313,6443.17
4314,6439.44
4315,6435.42
4316,6431.99
4317,6429.92
4318,6428.55
4319,6428.36
4320,6428.65
4321,6428.99
4322,6429.41
4323,6430.07
4324,6430.62
4325,6431.3
4326,6431.9
4327,6431.88
4328,6431.14
4329,6429.31
4330,6426.48
4331,6422.45
4332,6418.09
4333,6414.32
4334,6411.01
4335,6408.43
4336,6405.87
4337,6403.48
4338,6401.8
4339,6400
4340,6397.94
4341,6395.82
4342,6393.93
4343,6392.48
4344,6391.51
4345,6390.81
4346,6390.48
4347,6389.95
4348,6389.16
4349,6387.89
4350,6386.21
4351,6384.53
4352,6382.45
4353,6379.84
4354,6377.87
4355,6376.52
4356,6376.26
4357,6375.78
4358,6375.46
4359,6374.66
4360,6373.65
4361,6373.04
4362,6373.21
4363,6373.84
4364,6375.29
4365,6377.31
4366,6380.12
4367,6383.45
4368,6386.74
4369,6390.14
4370,6393.13
4371,6395.78
4372,6398.13
4373,6399.88
4374,6400.7
4375,6400.62
4376,6399.76
4377,6399.22
4378,6399.05
4379,6399.76
4380,6401.12
4381,6402.94
4382,6405.04
4383,6406.71
4384,6408.3
4385,6409.68
4386,6411.66
4387,6414
4388,6417.03
4389,6420.5
4390,6424.16
4391,6428.59
4392,6433.74
4393,6438.88
4394,6444.59
4395,6450
4396,6455.4
4397,6460.85
4398,6465.63
4399,6469.75
4400,6473.18
4401,6475.5
4402,6477.66
4403,6479.32
4404,6480.36
4405,6480.38
4406,6479.12
4407,6476.24
4408,6472.38
4409,6467.83
4410,6462.46
4411,6457.28
4412,6452.29
4413,6447.57
4414,6442.46
4415,6437.2
4416,6431.98
4417,6425.75
4418,6418.86
4419,6411.51
4420,6403.94
4421,6396.18
4422,6388.41
4423,6380.74
4424,6373.39
4425,6366.52
4426,6359.91
4427,6353.84
4428,6348.34
4429,6343.34
4430,6338.86
4431,6335.1
4432,6331.99
4433,6329.24
4434,6326.72
4435,6323.99
4436,6320.63
4437,6317.49
4438,6314.86
4439,6312.66
4440,6311.43
4441,6310.51
4442,6309.79
4443,6309.5
4444,6309.58
4445,6310.03
4446,6310.46
4447,6311.04
4448,6311.48
4449,6312.17
4450,6313.07
4451,6314.79
4452,6316.58
4453,6318.4
4454,6319.88
4455,6321.27
4456,6322.38
4457,6323.96
4458,6325.08
4459,6326.62
4460,6328.66
4461,6330.87
4462,6333.55
4463,6336.06
4464,6337.9
4465,6339.11
4466,6339.77
4467,6339.34
4468,6337.69
4469,6335.04
4470,6331.94
4471,6328.86
4472,6326.17
4473,6323.67
4474,6321.26
4475,6318.84
4476,6316.23
4477,6313.7
4478,6311.1
4479,6308.72
4480,6307.1
4481,6305.86
4482,6305.06
4483,6304.49
4484,6304.04
4485,6303.21
4486,6302.52
4487,6301.71
4488,6300.8
4489,6299.5
4490,6298
4491,6296.86
4492,6295.76
4493,6295.02
4494,6294.6
4495,6294.75
4496,6295.35
4497,6295.95
4498,6296.25
4499,6296.75
4500,6297.13
4501,6297.36
4502,6297.3
4503,6296.96
4504,6296.64
4505,6297.29
4506,6298.76
4507,6301.08
4508,6303.77
4509,6306.75
4510,6309.86
4511,6313.28
4512,6316.27
4513,6319.2
4514,6321.62
4515,6323.59
4516,6325.89
4517,6327.37
4518,6328.2
4519,6328.75
4520,6329.16
4521,6329.27
4522,6329.37
4523,6329.52
4524,6329.38
4525,6329.3
4526,6329.02
4527,6328.8
4528,6328.37
4529,6327.82
4530,6327.94
4531,6328.59
4532,6329.34
4533,6330.01
4534,6330.35
4535,6330.48
4536,6330.67
4537,6330.8
4538,6330.77
4539,6330.9
4540,6331.01
4541,6330.86
4542,6330.5
4543,6330.04
4544,6329.82
4545,6329.68
4546,6329.58
4547,6329.68
4548,6330.02
4549,6330.27
4550,6330.62
4551,6330.27
4552,6329.26
4553,6327.73
4554,6326.24
4555,6324.35
4556,6322.3
4557,6320.23
4558,6318.62
4559,6317.46
4560,6316.63
4561,6316.06
4562,6315.67
4563,6315.4
4564,6315.66
4565,6315.18
4566,6314.23
4567,6313.11
4568,6311.76
4569,6310.23
4570,6308.59
4571,6306.47
4572,6304.92
4573,6304.48
4574,6304.69
4575,6305.49
4576,6306.92
4577,6309.64
4578,6313.15
4579,6317.83
4580,6323.02
4581,6327.96
4582,6332.69
4583,6337.14
4584,6341.64
4585,6345.86
4586,6350.07
4587,6353.85
4588,6357.39
4589,6361.85
4590,6366.12
4591,6370.39
4592,6374.66
4593,6378.65
4594,6382.84
4595,6386.8
4596,6390.63
4597,6394.07
4598,6397.09
4599,6399.72
4600,6401.95
4601,6403.75
4602,6405.17
4603,6406.34
4604,6408.16
4605,6410.08
4606,6411.94
4607,6413.92
4608,6415.77
4609,6417.39
4610,6418.99
4611,6420.43
4612,6421.7
4613,6422.47
4614,6423.39
4615,6424.2
4616,6424.99
4617,6426.22
4618,6427.17
4619,6427.87
4620,6428.76
4621,6429.33
4622,6429.51
4623,6429.27
4624,6428.4
4625,6427.51
4626,6426.94
4627,6425.86
4628,6424.16
4629,6421.91
4630,6419.66
4631,6417.49
4632,6415.54
4633,6413.81
4634,6411.78
4635,6409.71
4636,6407.19
4637,6404.4
4638,6401.6
4639,6399.07
4640,6397.1
4641,6395.66
4642,6394.21
4643,6392.74
4644,6390.82
4645,6388.28
4646,6385.09
4647,6381.66
4648,6378.31
4649,6374.81
4650,6371.01
4651,6367.43
4652,6363.16
4653,6358.49
4654,6353.26
4655,6347.54
4656,6341.9
4657,6335.83
4658,6329.89
4659,6324.37
4660,6319.4
4661,6314.59
4662,6310.43
4663,6306.48
4664,6302.19
4665,6297.8
4666,6293.77
4667,6289.89
4668,6285.78
4669,6282.11
4670,6278.05
4671,6273.82
4672,6269.43
4673,6264.69
4674,6259.79
4675,6255.04
4676,6249.19
4677,6242.68
4678,6236.33
4679,6229.37
4680,6222.03
4681,6215.14
4682,6209.03
4683,6203.76
4684,6199.68
4685,6196.02
4686,6193.01
4687,6190.45
4688,6188.18
4689,6186.08
4690,6184.11
4691,6181.73
4692,6178.97
4693,6176.26
4694,6173.46
4695,6171.4
4696,6169.34
4697,6166.81
4698,6164
4699,6160.45
4700,6156.46
4701,6151.93
4702,6147.85
4703,6144.33
4704,6141.83
4705,6140.35
4706,6139.44
4707,6139.01
4708,6138.6
4709,6137.05
4710,6134.71
4711,6132.28
4712,6130.21
4713,6128.3
4714,6127.39
4715,6126.41
4716,6125.64
4717,6125.24
4718,6125.19
4719,6125.59
4720,6126.81
4721,6128.16
4722,6129.74
4723,6131.4
4724,6133.08
4725,6135.17
4726,6137.36
4727,6140.59
4728,6144.03
4729,6148.11
4730,6152.94
4731,6157.77
4732,6162.94
4733,6168.45
4734,6173.78
4735,6178.42
4736,6182.34
4737,6185.71
4738,6187.94
4739,6189.81
4740,6191.52
4741,6193.06
4742,6194.4
4743,6195.34
4744,6195.86
4745,6196.53
4746,6196.85
4747,6196.9
4748,6197.05
4749,6196.93
4750,6195.95
4751,6194.92
4752,6193.41
4753,6191.09
4754,6187.6
4755,6183.18
4756,6178.22
4757,6173.04
4758,6168.24
4759,6163.24
4760,6158.55
4761,6154.25
4762,6149.76
4763,6145.26
4764,6141
4765,6137.52
4766,6134.1
4767,6131.18
4768,6128.61
4769,6125.49
4770,6122.75
4771,6119.83
4772,6116.78
4773,6114.03
4774,6111.69
4775,6109.35
4776,6106.36
4777,6103.39
4778,6100.62
4779,6097.8
4780,6095.02
4781,6091.98
4782,6088.48
4783,6084.75
4784,6080.42
4785,6075.72
4786,6071.05
4787,6065.78
4788,6060.27
4789,6054.47
4790,6048.85
4791,6043.69
4792,6039.96
4793,6037.92
4794,6037.55
4795,6037.62
4796,6037.67
4797,6037.66
4798,6037.9
4799,6038.81
4800,6040.22
4801,6041.74
4802,6043.61
4803,6044.59
4804,6044.18
4805,6043.64
4806,6042.92
4807,6041.51
4808,6039.75
4809,6037.65
4810,6035.77
4811,6035.14
4812,6036.3
4813,6038.02
4814,6040.06
4815,6041.99
4816,6043.74
4817,6045.37
4818,6046.99
4819,6049.87
4820,6052.71
4821,6055.67
4822,6058.73
4823,6061.28
4824,6063.63
4825,6065.58
4826,6067.94
4827,6070.64
4828,6073.78
4829,6077.84
4830,6083.05
4831,6089.14
4832,6095.8
4833,6102.6
4834,6108.9
4835,6115.2
4836,6121.25
4837,6126.4
4838,6131.32
4839,6135.83
4840,6140.34
4841,6145.85
4842,6152.07
4843,6158.17
4844,6163.18
4845,6166.74
4846,6169.69
4847,6171.65
4848,6173.37
4849,6174.85
4850,6176.5
4851,6177.69
4852,6178
4853,6177.76
4854,6177.12
4855,6176.46
4856,6175.73
4857,6174.47
4858,6172.37
4859,6170.97
4860,6169.73
4861,6168.39
4862,6167.13
4863,6165.68
4864,6163.71
4865,6161.61
4866,6158.53
4867,6154.9
4868,6150.35
4869,6144.78
4870,6138.53
4871,6132.17
4872,6125.7
4873,6120.48
4874,6116.55
4875,6114.17
4876,6112.84
4877,6112
4878,6110.85
4879,6109.38
4880,6107.62
4881,6106.2
4882,6104.71
4883,6103.94
4884,6104.64
4885,6105.33
4886,6105.91
4887,6106.51
4888,6106.64
4889,6106.64
4890,6106.31
4891,6105.35
4892,6104.13
4893,6102.35
4894,6100.31
4895,6098.69
4896,6097.64
4897,6096.83
4898,6096.97
4899,6097.18
4900,6096.9
4901,6095.17
4902,6092.4
4903,6089.36
4904,6085.85
4905,6081.98
4906,6078.56
4907,6075.13
4908,6071.37
4909,6067.38
4910,6063.41
4911,6059.68
4912,6057.01
4913,6055.8
4914,6055.28
4915,6055.29
4916,6055.68
4917,6055.84
4918,6056.12
4919,6056.59
4920,6057.75
4921,6060.08
4922,6063.23
4923,6067.5
4924,6072.61
4925,6078.58
4926,6085.65
4927,6092.97
4928,6100.78
4929,6108.58
4930,6116.61
4931,6124.87
4932,6132.94
4933,6140.32
4934,6146.73
4935,6152.35
4936,6157.68
4937,6162.64
4938,6167.41
4939,6171.98
4940,6176.91
4941,6181.56
4942,6186.2
4943,6190.67
4944,6194.73
4945,6198.4
4946,6202.5
4947,6206.98
4948,6212.57
4949,6218.7
4950,6225.19
4951,6231.73
4952,6237.8
4953,6243.01
4954,6247.15
4955,6250.03
4956,6252.05
4957,6254.31
4958,6256.31
4959,6257.49
4960,6258.3
4961,6258.39
4962,6257.73
4963,6256.08
4964,6253.67
4965,6250.11
4966,6245.96
4967,6241.59
4968,6237.09
4969,6233.11
4970,6229.49
4971,6225.68
4972,6222.02
4973,6218.34
4974,6214.4
4975,6211.02
4976,6208.17
4977,6205.43
4978,6203.46
4979,6202.01
4980,6201.55
4981,6201.12
4982,6199.99
4983,6198.57
4984,6196.68
4985,6195.02
4986,6193.43
4987,6192.24
4988,6191.07
4989,6190.07
4990,6189.46
4991,6188.43
4992,6187.13
4993,6185.82
4994,6184.75
4995,6184.06
4996,6183.27
4997,6181.94
4998,6179.8
4999,6177.46
5000,6174.8
5001,6171.9
5002,6168.62
5003,6165.05
5004,6161.08
5005,6157.14
5006,6153.02
5007,6147.75
5008,6142.96
5009,6138.75
5010,6134.85
5011,6131.42
5012,6128.08
5013,6124.74
5014,6121.26
5015,6117.56
5016,6113.34
5017,6107.89
5018,6102.08
5019,6095.17
5020,6087.86
5021,6080.11
5022,6072.89
5023,6066.64
5024,6061.26
5025,6056.61
5026,6052.25
5027,6047.97
5028,6043.99
5029,6040.83
5030,6038.13
5031,6036.92
5032,6036.37
5033,6035.9
5034,6034.96
5035,6033.88
5036,6032.53
5037,6032
5038,6032.69
5039,6034.02
5040,6035.47
5041,6037.23
5042,6039.31
5043,6041.53
5044,6044.57
5045,6047.29
5046,6050.38
5047,6053.87
5048,6057.43
5049,6061.06
5050,6064.85
5051,6067.96
5052,6070.73
5053,6073.28
5054,6076.3
5055,6080.9
5056,6086.04
5057,6091.79
5058,6097.21
5059,6102.82
5060,6108.47
5061,6114.22
5062,6119.18
5063,6122.83
5064,6125.59
5065,6126.78
5066,6126.82
5067,6126.78
5068,6126.06
5069,6125.49
5070,6125.21
5071,6125.41
5072,6126.09
5073,6127.09
5074,6128.44
5075,6129.92
5076,6131.74
5077,6133.69
5078,6134.85
5079,6135.72
5080,6136.08
5081,6136.92
5082,6138.29
5083,6139.52
5084,6141.1
5085,6142.31
5086,6142.64
5087,6142.89
5088,6143.38
5089,6145.65
5090,6149.1
5091,6153.49
5092,6157.33
5093,6160.23
5094,6162.66
5095,6165.39
5096,6168.26
5097,6171.77
5098,6174.84
5099,6177.83
5100,6180.6
5101,6183.51
5102,6186.52
5103,6190.16
5104,6194.56
5105,6199.12
5106,6203.27
5107,6206.89
5108,6210.6
5109,6214.02
5110,6217.24
5111,6220.06
5112,6222.65
5113,6224.18
5114,6225.95
5115,6227.69
5116,6229.26
5117,6230.35
5118,6230.46
5119,6229.56
5120,6228.41
5121,6226.6
5122,6224.61
5123,6222.75
5124,6220.87
5125,6218.77
5126,6215.93
5127,6212.4
5128,6208.2
5129,6203.09
5130,6198.01
5131,6192.57
5132,6186.96
5133,6181.84
5134,6176.53
5135,6170.97
5136,6164.92
5137,6158.81
5138,6152.17
5139,6145.05
5140,6137.72
5141,6130.06
5142,6122.16
5143,6114.19
5144,6107.15
5145,6100.72
5146,6095.19
5147,6090.69
5148,6087.31
5149,6085.34
5150,6084.75
5151,6084.05
5152,6083.53
5153,6083.48
5154,6083.9
5155,6085.24
5156,6087.46
5157,6090.4
5158,6093.8
5159,6097.11
5160,6100.6
5161,6104.21
5162,6107.98
5163,6111.96
5164,6115.49
5165,6118.65
5166,6121.7
5167,6124.35
5168,6127.39
5169,6130.07
5170,6132.64
5171,6134.83
5172,6137.35
5173,6139.14
5174,6140.41
5175,6141.58
5176,6142.17
5177,6142.69
5178,6143.24
5179,6143.64
5180,6144.4
5181,6145.58
5182,6146.67
5183,6147.48
5184,6148.03
5185,6148.88
5186,6149.92
5187,6151.58
5188,6152.49
5189,6152.69
5190,6152.02
5191,6150.72
5192,6148.63
5193,6145.73
5194,6141.92
5195,6136.93
5196,6131.04
5197,6125.08
5198,6119.41
5199,6114.19
5200,6109.19
5201,6104.6
5202,6099.57
5203,6094.43
5204,6089.51
5205,6084.66
5206,6079.94
5207,6075.82
5208,6072.36
5209,6068.94
5210,6065.27
5211,6060.67
5212,6056.23
5213,6051.3
5214,6045.99
5215,6040.64
5216,6034.67
5217,6028.5
5218,6022.08
5219,6016.25
5220,6011.1
5221,6007.54
5222,6005.29
5223,6004.35
5224,6003.4
5225,6002.32
5226,6000.94
5227,5999.65
5228,5997.88
5229,5995.46
5230,5991.69
5231,5986.64
5232,5980.49
5233,5973.68
5234,5966.03
5235,5957.23
5236,5948.03
5237,5939.26
5238,5931.77
5239,5926.27
5240,5922.38
5241,5918.92
5242,5916.29
5243,5914.42
5244,5913.08
5245,5912.69
5246,5913.05
5247,5914.12
5248,5916.18
5249,5919.26
5250,5922.69
5251,5926.43
5252,5930.87
5253,5936.15
5254,5941.2
5255,5946.01
5256,5949.66
5257,5952.14
5258,5954.48
5259,5956.21
5260,5956.96
5261,5957.76
5262,5958.73
5263,5959.72
5264,5961.07
5265,5963.69
5266,5966.83
5267,5970.51
5268,5974.92
5269,5978.72
5270,5982.4
5271,5985.09
5272,5987.25
5273,5989.36
5274,5991.59
5275,5994.24
5276,5996.8
5277,5999.77
5278,6002.71
5279,6005.02
5280,6008.27
5281,6012.31
5282,6016.61
5283,6022.11
5284,6028.34
5285,6035.37
5286,6042.9
5287,6050.81
5288,6058.34
5289,6065.49
5290,6073.22
5291,6081.28
5292,6089.47
5293,6097.45
5294,6104.47
5295,6110.57
5296,6115.78
5297,6120.42
5298,6124.28
5299,6127.36
5300,6130.55
5301,6133.85
5302,6137.82
5303,6141.65
5304,6144.94
5305,6148.63
5306,6151.71
5307,6154.59
5308,6156.56
5309,6158.08
5310,6160
5311,6161.81
5312,6163.44
5313,6164.6
5314,6164.9
5315,6164.67
5316,6164.07
5317,6163.5
5318,6162.83
5319,6161.59
5320,6160.34
5321,6158.98
5322,6157.06
5323,6155.55
5324,6154.71
5325,6153.82
5326,6153.09
5327,6152.29
5328,6151.33
5329,6150.15
5330,6148.75
5331,6147.41
5332,6146.16
5333,6144.33
5334,6141.65
5335,6139.48
5336,6136.84
5337,6134.05
5338,6131.6
5339,6129.59
5340,6128.4
5341,6128.4
5342,6128.67
5343,6129.37
5344,6130.32
5345,6131.45
5346,6132.62
5347,6133.94
5348,6134.36
5349,6134.3
5350,6134.78
5351,6134.74
5352,6134.85
5353,6134.7
5354,6134.12
5355,6133.51
5356,6132.8
5357,6132.22
5358,6131.66
5359,6130.81
5360,6129.68
5361,6128.05
5362,6125.98
5363,6123.14
5364,6119.26
5365,6114.39
5366,6108.47
5367,6102.45
5368,6096.83
5369,6091.06
5370,6085.77
5371,6080.47
5372,6074.61
5373,6068.98
5374,6064.11
5375,6059.53
5376,6055.92
5377,6052.45
5378,6049.24
5379,6046.12
5380,6044.04
5381,6043
5382,6041.84
5383,6041.11
5384,6041.17
5385,6041.36
5386,6041.7
5387,6041.81
5388,6041.5
5389,6040.35
5390,6039.3
5391,6038.84
5392,6039.12
5393,6040.42
5394,6042.42
5395,6044.66
5396,6047
5397,6049.76
5398,6054.33
5399,6059.59
5400,6065.8
5401,6072.56
5402,6080.29
5403,6088.2
5404,6095.43
5405,6101.66
5406,6106.47
5407,6110.99
5408,6115.14
5409,6118.78
5410,6122.53
5411,6126.56
5412,6131.31
5413,6136.83
5414,6142.73
5415,6148.29
5416,6153.55
5417,6157.39
5418,6160.57
5419,6163.73
5420,6166.74
5421,6169.67
5422,6171.88
5423,6173.17
5424,6173.06
5425,6171.73
5426,6169.35
5427,6166.65
5428,6163.52
5429,6159.74
5430,6156.1
5431,6151.58
5432,6146.9
5433,6141.54
5434,6135.98
5435,6129.6
5436,6123.57
5437,6116.93
5438,6110.48
5439,6104.04
5440,6098.21
5441,6093.72
5442,6090.39
5443,6088.22
5444,6086.78
5445,6085.8
5446,6085.85
5447,6086.09
5448,6085.85
5449,6085.28
5450,6084.82
5451,6084.72
5452,6084.79
5453,6085.06
5454,6084.96
5455,6084.84
5456,6086.04
5457,6086.92
5458,6088.12
5459,6089.54
5460,6091.01
5461,6091.33
5462,6090.96
5463,6088.78
5464,6085.75
5465,6081.96
5466,6077.64
5467,6073.54
5468,6070.87
5469,6070.54
5470,6071.95
5471,6075.73
5472,6080.92
5473,6086.76
5474,6093.21
5475,6099.27
5476,6104.87
5477,6110.41
5478,6115.69
5479,6120.74
5480,6125.16
5481,6129.28
5482,6132.79
5483,6135.65
5484,6138.95
5485,6141.88
5486,6145.31
5487,6150.08
5488,6156.12
5489,6162.51
5490,6169.31
5491,6175.71
5492,6182.15
5493,6188.96
5494,6196.09
5495,6202.74
5496,6208.83
5497,6214.23
5498,6219.22
5499,6224.13
5500,6228.81
5501,6233.17
5502,6236.89
5503,6241.15
5504,6246.12
5505,6251.77
5506,6257.89
5507,6264.26
5508,6269.81
5509,6274.53
5510,6277.96
5511,6279.88
5512,6279.69
5513,6278
5514,6275.07
5515,6271.97
5516,6268.13
5517,6264.1
5518,6259.75
5519,6255.58
5520,6251.25
5521,6247.9
5522,6245.15
5523,6243.49
5524,6241.86
5525,6240.23
5526,6238.39
5527,6235.83
5528,6232.57
5529,6228.73
5530,6224.67
5531,6221.28
5532,6218.31
5533,6215.6
5534,6213.31
5535,6211.47
5536,6210.12
5537,6208.45
5538,6206.29
5539,6204.21
5540,6202.18
5541,6200.8
5542,6200.1
5543,6200.25
5544,6200.64
5545,6201.28
5546,6202.85
5547,6204.32
5548,6205.93
5549,6207.21
5550,6207.52
5551,6206.63
5552,6205.24
5553,6204.1
5554,6203.45
5555,6202.2
5556,6201.94
5557,6202.19
5558,6203.64
5559,6206.03
5560,6209.13
5561,6212.23
5562,6215.93
5563,6218.49
5564,6220.57
5565,6221.35
5566,6221.16
5567,6219.93
5568,6218.62
5569,6217.25
5570,6215.92
5571,6214.44
5572,6212.57
5573,6210.07
5574,6206.87
5575,6203.85
5576,6201.58
5577,6200.36
5578,6199.92
5579,6200.13
5580,6200.27
5581,6200.92
5582,6201.62
5583,6202.59
5584,6203.67
5585,6204.52
5586,6205.03
5587,6204.8
5588,6204.95
5589,6205.06
5590,6204.41
5591,6202.74
5592,6200.61
5593,6197.74
5594,6195.05
5595,6191.57
5596,6187.93
5597,6184.25
5598,6180.6
5599,6176.51
5600,6172.47
5601,6167.02
5602,6161.19
5603,6155.26
5604,6148.72
5605,6142.46
5606,6136.24
5607,6130.22
5608,6124.55
5609,6118.77
5610,6113.46
5611,6108.65
5612,6103.71
5613,6097.62
5614,6090.92
5615,6082.94
5616,6073.83
5617,6064.59
5618,6056.3
5619,6049.01
5620,6043.74
5621,6040.04
5622,6037.7
5623,6035.45
5624,6033.15
5625,6030.47
5626,6027.28
5627,6023.1
5628,6018.11
5629,6012.98
5630,6007.04
5631,6001.62
5632,5996.41
5633,5991.39
5634,5986.67
5635,5983.54
5636,5981.49
5637,5980.57
5638,5979.94
5639,5978.26
5640,5975.22
5641,5971.98
5642,5968.56
5643,5964.81
5644,5961.09
5645,5957.23
5646,5953.46
5647,5949.68
5648,5946.57
5649,5944.63
5650,5944.2
5651,5944.89
5652,5945.65
5653,5947.34
5654,5948.75
5655,5948.88
5656,5948.43
5657,5946.75
5658,5943.59
5659,5939.26
5660,5934.4
5661,5929.84
5662,5925.39
5663,5921.3
5664,5917.49
5665,5914.37
5666,5912.07
5667,5910.04
5668,5908.06
5669,5905.16
5670,5901.97
5671,5899.98
5672,5897.76
5673,5896.29
5674,5895.15
5675,5893.98
5676,5893.16
5677,5893.14
5678,5893.89
5679,5895.31
5680,5898.39
5681,5902.93
5682,5909.07
5683,5916.38
5684,5923.79
5685,5931.36
5686,5939.67
5687,5948.55
5688,5957.52
5689,5966.22
5690,5974.45
5691,5982.58
5692,5990.84
5693,5999.73
5694,6008.23
5695,6015.52
5696,6021.16
5697,6025.58
5698,6029.01
5699,6031.87
5700,6034.47
5701,6037.21
5702,6040.02
5703,6043.6
5704,6047.4
5705,6050.96
5706,6054.15
5707,6058.32
5708,6062.26
5709,6065.7
5710,6068.89
5711,6071.38
5712,6072.83
5713,6073.26
5714,6072.82
5715,6072.18
5716,6072.59
5717,6073.69
5718,6075.37
5719,6077.79
5720,6079.77
5721,6081.66
5722,6083.64
5723,6085.48
5724,6086.98
5725,6088.9
5726,6090.7
5727,6092.35
5728,6094.14
5729,6095.07
5730,6095.1
5731,6093.92
5732,6092.12
5733,6090.29
5734,6089.05
5735,6088.39
5736,6088.99
5737,6090.56
5738,6092.46
5739,6093.99
5740,6095.32
5741,6097.77
5742,6100.73
5743,6104.92
5744,6109.68
5745,6114.53
5746,6120.15
5747,6126.21
5748,6132.33
5749,6137.31
5750,6141.17
5751,6143.26
5752,6144.1
5753,6143.73
5754,6143.64
5755,6143.95
5756,6145.1
5757,6146.44
5758,6146.94
5759,6147.06
5760,6146.9
5761,6146.92
5762,6147.47
5763,6149.48
5764,6151.71
5765,6154.21
5766,6156.54
5767,6158.71
5768,6160.12
5769,6162.15
5770,6164.27
5771,6166
5772,6167.5
5773,6167.36
5774,6165.05
5775,6161.76
5776,6158.13
5777,6154.07
5778,6151.01
5779,6147.75
5780,6145.05
5781,6141.53
5782,6137.25
5783,6132.09
5784,6126.38
5785,6121.08
5786,6117
5787,6113.25
5788,6109.39
5789,6105.55
5790,6101.41
5791,6097.85
5792,6095.31
5793,6093.35
5794,6092.24
5795,6091.74
5796,6090.79
5797,6089.16
5798,6087.13
5799,6084.72
5800,6082.16
5801,6079.54
5802,6076.34
5803,6072.81
5804,6068.83
5805,6064.67
5806,6060.59
5807,6057.51
5808,6054.96
5809,6053.61
5810,6053.02
5811,6052.94
5812,6053.15
5813,6053.29
5814,6053.03
5815,6052.8
5816,6051.37
5817,6048.23
5818,6043.68
5819,6038.42
5820,6031.9
5821,6024.2
5822,6016.38
5823,6008.06
5824,5999.56
5825,5991.6
5826,5984.34
5827,5977.9
5828,5971.75
5829,5965.04
5830,5957.64
5831,5950.16
5832,5943.52
5833,5936.98
5834,5930.87
5835,5925.75
5836,5920.81
5837,5917.12
5838,5914.61
5839,5912.39
5840,5910.09
5841,5907.86
5842,5904.72
5843,5900.74
5844,5895.67
5845,5890.09
5846,5884.08
5847,5878.47
5848,5872.88
5849,5868.37
5850,5864.33
5851,5860.68
5852,5857.39
5853,5854.42
5854,5852.43
5855,5851.97
5856,5852.92
5857,5854.73
5858,5857.24
5859,5860.33
5860,5864.22
5861,5868.82
5862,5873.87
5863,5880.21
5864,5886.33
5865,5891.67
5866,5896.28
5867,5900.03
5868,5902.49
5869,5904.56
5870,5906.54
5871,5908.56
5872,5911.23
5873,5913.81
5874,5916.31
5875,5917.84
5876,5918.36
5877,5918.25
5878,5918.58
5879,5920.14
5880,5922.58
5881,5926.79
5882,5931.67
5883,5937.52
5884,5943.88
5885,5950.74
5886,5957.78
5887,5964.8
5888,5972.56
5889,5980.28
5890,5988.01
5891,5995.66
5892,6003.34
5893,6011.19
5894,6019.67
5895,6027.76
5896,6036.06
5897,6043.93
5898,6051.65
5899,6059.18
5900,6066.5
5901,6073.63
5902,6080.57
5903,6087.42
5904,6093.55
5905,6098.59
5906,6103.82
5907,6108.9
5908,6113.5
5909,6118.02
5910,6121.4
5911,6124.21
5912,6126.93
5913,6129.93
5914,6132.78
5915,6135.92
5916,6138.42
5917,6140.38
5918,6141.65
5919,6141.88
5920,6141.5
5921,6140.61
5922,6140.29
5923,6140.27
5924,6141.03
5925,6142.28
5926,6144.39
5927,6147.08
5928,6151.01
5929,6156.03
5930,6161.96
5931,6168.3
5932,6174.59
5933,6181.55
5934,6188.28
5935,6195.61
5936,6203.49
5937,6212.31
5938,6220.31
5939,6226.92
5940,6232.46
5941,6236.63
5942,6239.5
5943,6241.35
5944,6241.61
5945,6241.33
5946,6241.07
5947,6241.17
5948,6241.55
5949,6241.95
5950,6242.54
5951,6243.18
5952,6244.39
5953,6245.85
5954,6247.79
5955,6250.2
5956,6253.44
5957,6257.47
5958,6261.48
5959,6265.1
5960,6267.9
5961,6269.79
5962,6271.14
5963,6272.3
5964,6273.79
5965,6274.79
5966,6276
5967,6277.11
5968,6278.38
5969,6279.55
5970,6280.53
5971,6281.66
5972,6282.72
5973,6283.78
5974,6284.25
5975,6284.43
5976,6284.36
5977,6283.96
5978,6283.54
5979,6281.79
5980,6279.04
5981,6275.55
5982,6271.61
5983,6266.88
5984,6261.47
5985,6255.45
5986,6248.7
5987,6241.49
5988,6233.52
5989,6224.42
5990,6214.92
5991,6205.21
5992,6195.74
5993,6187.29
5994,6179.21
5995,6171.88
5996,6164.9
5997,6157.86
5998,6150.98
5999,6144.56
6000,6137.78
6001,6131.46
6002,6125.98
6003,6121.16
6004,6116.43
6005,6112.07
6006,6108.15
6007,6105.06
6008,6102.89
6009,6101.44
6010,6100.81
6011,6100.33
6012,6100.24
6013,6099.69
6014,6098.84
6015,6097.73
6016,6095.76
6017,6092.57
6018,6089.13
6019,6086.11
6020,6083.17
6021,6080.69
6022,6078.15
6023,6075.41
6024,6072.02
6025,6068.4
6026,6065.26
6027,6063
6028,6060.99
6029,6059.03
6030,6056.95
6031,6055.36
6032,6053.83
6033,6051.74
6034,6048.47
6035,6043.64
6036,6038.45
6037,6032.69
6038,6026.41
6039,6019.54
6040,6012.21
6041,6003.66
6042,5994.7
6043,5985.65
6044,5976.15
6045,5966.73
6046,5957.62
6047,5949.07
6048,5941.22
6049,5933.67
6050,5927.46
6051,5921.56
6052,5916.78
6053,5913.55
6054,5910.91
6055,5908.6
6056,5906.43
6057,5904.65
6058,5903.09
6059,5901.34
6060,5899.11
6061,5896.54
6062,5894.04
6063,5892.62
6064,5892.33
6065,5892.79
6066,5894.14
6067,5896.23
6068,5900.28
6069,5905.25
6070,5911.24
6071,5917.74
6072,5924.39
6073,5931.15
6074,5938.52
6075,5946.47
6076,5955.35
6077,5964.69
6078,5974.26
6079,5983.53
6080,5992.31
6081,5999.97
6082,6007.27
6083,6014.67
6084,6023.12
6085,6033.04
6086,6044.38
6087,6056.37
6088,6068.74
6089,6081.62
6090,6093.91
6091,6105.77
6092,6116.19
6093,6125.66
6094,6134.21
6095,6142.95
6096,6151.79
6097,6160.86
6098,6169.9
6099,6178.78
6100,6186.64
6101,6193.04
6102,6198.35
6103,6202.9
6104,6206.43
6105,6208.67
6106,6209.32
6107,6208.43
6108,6206.3
6109,6203.67
6110,6201.07
6111,6198.69
6112,6196.41
6113,6194.03
6114,6191.22
6115,6188.53
6116,6185.77
6117,6182.75
6118,6178.92
6119,6174.84
6120,6170.66
6121,6166.06
6122,6160.43
6123,6154.52
6124,6147.75
6125,6141.23
6126,6134.72
6127,6127.86
6128,6120.92
6129,6114.17
6130,6106.63
6131,6098.58
6132,6089.39
6133,6079.73
6134,6070.16
6135,6060.83
6136,6052.12
6137,6044.26
6138,6037.58
6139,6032.46
6140,6028.26
6141,6025.13
6142,6023.91
6143,6022.8
6144,6021.6
6145,6019.8
6146,6018
6147,6016.47
6148,6015.46
6149,6014.97
6150,6014.61
6151,6014.52
6152,6014.35
6153,6013.91
6154,6014.26
6155,6014.95
6156,6016.59
6157,6019.28
6158,6022.88
6159,6027.08
6160,6031.53
6161,6036.17
6162,6041.83
6163,6048.51
6164,6055.96
6165,6064.45
6166,6074.27
6167,6084.85
6168,6095.14
6169,6104.56
6170,6112.77
6171,6119.88
6172,6125.87
6173,6131.37
6174,6137.61
6175,6144.31
6176,6151.37
6177,6159.59
6178,6168.87
6179,6179.08
6180,6189.48
6181,6200.11
6182,6210.74
6183,6220.43
6184,6228.97
6185,6235.96
6186,6241.86
6187,6247.26
6188,6251.73
6189,6254.49
6190,6255.72
6191,6256.18
6192,6255.45
6193,6254.62
6194,6254.15
6195,6252.88
6196,6250.67
6197,6247.41
6198,6243.71
6199,6240.4
6200,6237.53
6201,6234.65
6202,6231.99
6203,6228.67
6204,6224.19
6205,6219.29
6206,6213.41
6207,6206.96
6208,6200.37
6209,6194.37
6210,6189.11
6211,6184.38
6212,6179.41
6213,6175.23
6214,6171.36
6215,6167.63
6216,6163.85
6217,6160.7
6218,6157.68
6219,6155.08
6220,6152.3
6221,6148.83
6222,6144.83
6223,6140.33
6224,6135.51
6225,6130.8
6226,6125.6
6227,6120.4
6228,6114.93
6229,6109.3
6230,6104.52
6231,6101.1
6232,6099.27
6233,6098.12
6234,6097.28
6235,6096.96
6236,6097.65
6237,6099
6238,6101.36
6239,6104.49
6240,6108
6241,6111.82
6242,6115.75
6243,6119.1
6244,6121.92
6245,6123.28
6246,6123.24
6247,6121.38
6248,6118.01
6249,6113.67
6250,6108.88
6251,6104.06
6252,6099.44
6253,6094.56
6254,6089.75
6255,6085.84
6256,6082.22
6257,6078.87
6258,6074.91
6259,6070.18
6260,6065
6261,6059.47
6262,6053.9
6263,6049.5
6264,6045.37
6265,6041.39
6266,6037.05
6267,6032.06
6268,6026.19
6269,6019.93
6270,6012.9
6271,6004.9
6272,5996.05
6273,5986.55
6274,5976.42
6275,5965.52
6276,5954.73
6277,5944.88
6278,5936.19
6279,5928.83
6280,5923.34
6281,5920.2
6282,5919.47
6283,5920.28
6284,5922.18
6285,5925.09
6286,5928.76
6287,5933.38
6288,5938.67
6289,5944.6
6290,5950.88
6291,5957.25
6292,5963.5
6293,5970.14
6294,5976.77
6295,5983.44
6296,5989.69
6297,5995.81
6298,6000.86
6299,6005.2
6300,6009.29
6301,6013.38
6302,6017.52
6303,6021.6
6304,6025.22
6305,6028.96
6306,6032.22
6307,6034.76
6308,6037.67
6309,6040.46
6310,6042.49
6311,6044.67
6312,6046.94
6313,6049.35
6314,6052.08
6315,6054.53
6316,6056.87
6317,6058.71
6318,6060.06
6319,6061.6
6320,6062.09
6321,6062.38
6322,6062.24
6323,6062.16
6324,6062.03
6325,6061.95
6326,6061.78
6327,6061.1
6328,6060.26
6329,6059.28
6330,6058.66
6331,6058.05
6332,6057.77
6333,6056.87
6334,6055.89
6335,6054.37
6336,6052.2
6337,6049.51
6338,6046.17
6339,6043.12
6340,6040.4
6341,6037.43
6342,6034.48
6343,6031.44
6344,6027.69
6345,6023.78
6346,6019.43
6347,6015.07
6348,6010.13
6349,6004.07
6350,5997.95
6351,5992.02
6352,5986.48
6353,5981.66
6354,5978.07
6355,5975.47
6356,5973.31
6357,5971.4
6358,5969.45
6359,5967.4
6360,5965.21
6361,5963.4
6362,5961.21
6363,5958.98
6364,5956.28
6365,5953.94
6366,5953
6367,5953.9
6368,5956.03
6369,5959.13
6370,5962.89
6371,5967.24
6372,5972.06
6373,5976.57
6374,5980.49
6375,5984.59
6376,5988.01
6377,5991.9
6378,5996.04
6379,6000.39
6380,6004.73
6381,6009.87
6382,6015.65
6383,6021.64
6384,6027.99
6385,6034.78
6386,6041.85
6387,6049.2
6388,6056.92
6389,6064.96
6390,6073.37
6391,6082.66
6392,6092.05
6393,6100.92
6394,6109
6395,6116.73
6396,6124.36
6397,6131.63
6398,6138.82
6399,6145.62
6400,6152.06
6401,6159.1
6402,6167.72
6403,6177.44
6404,6187.73
6405,6197.45
6406,6206.27
6407,6213.8
6408,6220
6409,6225.08
6410,6228.92
6411,6231.92
6412,6234.55
6413,6236.77
6414,6239.06
6415,6241.41
6416,6244.11
6417,6247.34
6418,6250.29
6419,6252.2
6420,6253.17
6421,6254.3
6422,6254.7
6423,6255.05
6424,6255.33
6425,6254.47
6426,6253.16
6427,6251.29
6428,6249.14
6429,6245.48
6430,6241.02
6431,6237.02
6432,6232.13
6433,6226.15
6434,6218.77
6435,6210.74
6436,6202.7
6437,6194.64
6438,6187.03
6439,6179.46
6440,6171.51
6441,6163.19
6442,6154.99
6443,6147.17
6444,6140.18
6445,6134.04
6446,6128.05
6447,6122.83
6448,6117.77
6449,6113.65
6450,6110.09
6451,6106.41
6452,6103.23
6453,6100.16
6454,6096.98
6455,6093.65
6456,6089.89
6457,6085.99
6458,6082.55
6459,6080.57
6460,6079.84
6461,6079.31
6462,6078.33
6463,6077.01
6464,6075.46
6465,6074.62
6466,6074.03
6467,6073.95
6468,6074.2
6469,6074.61
6470,6073.44
6471,6071.35
6472,6068.09
6473,6063.17
6474,6056.4
6475,6047.75
6476,6037.99
6477,6027.94
6478,6017.47
6479,6006.38
6480,5995.35
6481,5984.01
6482,5972.78
6483,5961.23
6484,5949.28
6485,5937.06
6486,5925.18
6487,5913.48
6488,5902.69
6489,5892.94
6490,5884.3
6491,5876.12
6492,5868.05
6493,5859.68
6494,5850.41
6495,5841.04
6496,5832.66
6497,5824.77
6498,5818.13
6499,5811.22
6500,5803.86
6501,5797.21
6502,5791.82
6503,5787.2
6504,5783.98
6505,5781.68
6506,5779.34
6507,5777.42
6508,5775.77
6509,5775.42
6510,5775.59
6511,5777.07
6512,5779.07
6513,5781.82
6514,5785.63
6515,5791.39
6516,5799.08
6517,5807.75
6518,5817.28
6519,5827.18
6520,5837.5
6521,5847.77
6522,5857.64
6523,5867.97
6524,5877.73
6525,5887.84
6526,5897.6
6527,5906.88
6528,5916.36
6529,5925.97
6530,5936.28
6531,5947.72
6532,5959.9
6533,5972.35
6534,5984.94
6535,5996.46
6536,6006.72
6537,6015.56
6538,6023.14
6539,6030.2
6540,6036.86
6541,6043.35
6542,6049.83
6543,6055.41
6544,6061.01
6545,6065.97
6546,6070.55
6547,6074.59
6548,6077.24
6549,6078.8
6550,6079.32
6551,6078.3
6552,6076.5
6553,6073.99
6554,6071.26
6555,6068.28
6556,6065.58
6557,6063.55
6558,6062.43
6559,6062.44
6560,6062.65
6561,6063.32
6562,6064.34
6563,6065.43
6564,6067.15
6565,6068.63
6566,6070.26
6567,6072.07
6568,6073.22
6569,6073.96
6570,6074.64
6571,6075.09
6572,6075.07
6573,6073.99
6574,6071.82
6575,6068.42
6576,6064.62
6577,6060.38
6578,6055.96
6579,6052.21
6580,6049.03
6581,6046.51
6582,6044.84
6583,6043.41
6584,6042.64
6585,6042.36
6586,6043.2
6587,6045.44
6588,6048.57
6589,6052.26
6590,6057.08
6591,6062.55
6592,6068.44
6593,6074.36
6594,6080.09
6595,6085.53
6596,6091.12
6597,6096.74
6598,6102.59
6599,6108.25
6600,6113.39
6601,6118.23
6602,6122.76
6603,6127.07
6604,6132.29
6605,6137.16
6606,6141.05
6607,6144.21
6608,6146.54
6609,6148.14
6610,6148.98
6611,6149.39
6612,6149.72
6613,6150.64
6614,6152.12
6615,6154.05
6616,6157.16
6617,6160.41
6618,6163.55
6619,6166.7
6620,6169.84
6621,6172.69
6622,6175.25
6623,6177.62
6624,6179.91
6625,6181.8
6626,6182.79
6627,6182.18
6628,6181.19
6629,6180.36
6630,6179.76
6631,6180.02
6632,6180.21
6633,6180.23
6634,6180.02
6635,6179.46
6636,6178.51
6637,6177.61
6638,6175.83
6639,6174.02
6640,6171.77
6641,6168.77
6642,6165.77
6643,6161.93
6644,6157.24
6645,6152.34
6646,6146.93
6647,6141.45
6648,6135.71
6649,6129.6
6650,6123.87
6651,6117.85
6652,6112.18
6653,6106.89
6654,6102.17
6655,6097.95
6656,6093.64
6657,6088.44
6658,6082.29
6659,6075.85
6660,6067.84
6661,6058.95
6662,6049.92
6663,6040.58
6664,6031.11
6665,6021.43
6666,6010.89
6667,5999.07
6668,5985.84
6669,5970.64
6670,5954.08
6671,5937.36
6672,5921.02
6673,5906.46
6674,5893.65
6675,5882.22
6676,5872.15
6677,5863.75
6678,5857.25
6679,5851.97
6680,5847.47
6681,5842.98
6682,5839.43
6683,5835.83
6684,5832.37
6685,5828.68
6686,5824.4
6687,5819.6
6688,5813.29
6689,5806.23
6690,5798.33
6691,5789.94
6692,5782.24
6693,5775.33
6694,5769.03
6695,5763.12
6696,5757.29
6697,5751.82
6698,5747.53
6699,5744.01
6700,5741.33
6701,5739.96
6702,5738.72
6703,5738.16
6704,5737.38
6705,5737.15
6706,5737.16
6707,5737.13
6708,5737.67
6709,5738.44
6710,5739.06
6711,5739.89
6712,5739.9
6713,5739.55
6714,5738.63
6715,5736.95
6716,5735.73
6717,5735.44
6718,5735.66
6719,5735.97
6720,5736.39
6721,5736.58
6722,5736.63
6723,5736.41
6724,5735.51
6725,5734.56
6726,5733.77
6727,5732.19
6728,5731.13
6729,5729.42
6730,5727.54
6731,5725.44
6732,5723.67
6733,5722.08
6734,5721.1
6735,5720.34
6736,5719.52
6737,5719.14
6738,5718.65
6739,5718.51
6740,5719.2
6741,5721.14
6742,5724.93
6743,5729.72
6744,5734.14
6745,5738.26
6746,5742.87
6747,5747.88
6748,5752.25
6749,5756.49
6750,5759.77
6751,5762.98
6752,5765.99
6753,5768.31
6754,5770.06
6755,5771.83
6756,5773.13
6757,5774.44
6758,5775.57
6759,5775.5
6760,5775.82
6761,5775.5
6762,5775.14
6763,5775.13
6764,5775.67
6765,5776.54
6766,5777.57
6767,5778.91
6768,5780.7
6769,5782.99
6770,5786.77
6771,5791.01
6772,5795.43
6773,5800.58
6774,5805.83
6775,5811.35
6776,5816.98
6777,5823.34
6778,5829.84
6779,5835.81
6780,5840.62
6781,5844.26
6782,5846.68
6783,5848.49
6784,5849.82
6785,5849.92
6786,5848.69
6787,5845.9
6788,5841.67
6789,5836.38
6790,5830.83
6791,5825.4
6792,5820.75
6793,5816.8
6794,5813.53
6795,5811.64
6796,5810.67
6797,5810.89
6798,5812.7
6799,5814.98
6800,5817.5
6801,5820.46
6802,5823.38
6803,5826.05
6804,5828.18
6805,5829.57
6806,5830.28
6807,5829.73
6808,5828.3
6809,5826.49
6810,5824.46
6811,5822.8
6812,5821.82
6813,5822.19
6814,5823.89
6815,5826.33
6816,5829.51
6817,5832.61
6818,5836.04
6819,5839.76
6820,5843.18
6821,5846.04
6822,5848.43
6823,5850.31
6824,5851.22
6825,5851.71
6826,5851.54
6827,5851.49
6828,5850.67
6829,5848.91
6830,5847.04
6831,5845.04
6832,5843.02
6833,5842.5
6834,5843.06
6835,5844.88
6836,5848.53
6837,5852.85
6838,5857.78
6839,5863.11
6840,5868.95
6841,5875.12
6842,5880.96
6843,5885.95
6844,5890.16
6845,5893.81
6846,5896.62
6847,5898.75
6848,5901.21
6849,5903.51
6850,5905.85
6851,5908.63
6852,5912.94
6853,5918.24
6854,5924.42
6855,5931.22
6856,5939.35
6857,5947.6
6858,5955.08
6859,5961.26
6860,5965.68
6861,5969.44
6862,5972.84
6863,5976.25
6864,5980.18
6865,5984.02
6866,5988.04
6867,5992.13
6868,5996.08
6869,5999.96
6870,6003.5
6871,6007.28
6872,6011.54
6873,6015.18
6874,6018.34
6875,6021.03
6876,6023.29
6877,6025.61
6878,6026.81
6879,6026.41
6880,6024.74
6881,6021.67
6882,6018.72
6883,6016.49
6884,6014.35
6885,6013.18
6886,6013.22
6887,6013.49
6888,6014.42
6889,6015.54
6890,6016.15
6891,6015.99
6892,6014.85
6893,6014.27
6894,6013.37
6895,6011.54
6896,6008.03
6897,6003.43
6898,5996.77
6899,5989.5
6900,5981.73
6901,5973.8
6902,5965.81
6903,5957.46
6904,5949.24
6905,5941.34
6906,5932.94
6907,5924.06
6908,5915.64
6909,5907.9
6910,5901.12
6911,5894.84
6912,5889.96
6913,5886.63
6914,5884.23
6915,5882.67
6916,5882.34
6917,5883.11
6918,5885.08
6919,5887.14
6920,5889.23
6921,5891.48
6922,5893.06
6923,5893.19
6924,5891.71
6925,5889.18
6926,5885.17
6927,5879.93
6928,5872.98
6929,5865.51
6930,5858.55
6931,5851.76
6932,5844.26
6933,5836.26
6934,5826.83
6935,5816.19
6936,5805.41
6937,5794.47
6938,5783.58
6939,5773.02
6940,5763.6
6941,5755.02
6942,5748.21
6943,5742.39
6944,5737.23
6945,5731.73
6946,5725.68
6947,5719.43
6948,5712.03
6949,5704.73
6950,5697.31
6951,5689.64
6952,5681.38
6953,5672.68
6954,5663.03
6955,5652.02
6956,5639.71
6957,5626.43
6958,5612.81
6959,5599.83
6960,5587.25
6961,5575.35
6962,5563.5
6963,5552.12
6964,5541.22
6965,5530.91
6966,5522.68
6967,5514.74
6968,5508.29
6969,5503.18
6970,5498.39
6971,5495.16
6972,5493.72
6973,5494.3
6974,5496.37
6975,5499.94
6976,5504.38
6977,5509.07
6978,5514.9
6979,5521.85
6980,5530.3
6981,5539.31
6982,5547.91
6983,5556.29
6984,5564.38
6985,5572.79
6986,5582.38
6987,5592.8
6988,5603.01
6989,5612.59
6990,5622.29
6991,5631.18
6992,5640.83
6993,5650.6
6994,5660.05
6995,5668.85
6996,5676.89
6997,5684.67
6998,5692.22
6999,5699.2
7000,5705.48
7001,5710.4
7002,5714.74
7003,5719.52
7004,5723.81
7005,5727.75
7006,5730.91
7007,5733.03
7008,5733.94
7009,5733.58
7010,5731.96
7011,5730.28
7012,5728.73
7013,5728.08
7014,5727.49
7015,5726.38
7016,5724.49
7017,5723.14
7018,5721.57
7019,5720.54
7020,5720.63
7021,5721.53
7022,5722.93
7023,5725.2
7024,5728.07
7025,5731.81
7026,5736.36
7027,5741.18
7028,5746.7
7029,5752.9
7030,5759.16
7031,5765.41
7032,5771.74
7033,5777.47
7034,5784.21
7035,5791.86
7036,5799.94
7037,5807.61
7038,5815.15
7039,5822.53
7040,5830.26
7041,5838.39
7042,5846.09
7043,5853.63
7044,5861.08
7045,5867.77
7046,5874.3
7047,5880.77
7048,5887.6
7049,5894.07
7050,5900.68
7051,5906.38
7052,5911.12
7053,5915.11
7054,5919.53
7055,5924.3
7056,5928.21
7057,5932.55
7058,5936.79
7059,5941.57
7060,5947.71
7061,5954.64
7062,5961.55
7063,5969
7064,5976.24
7065,5982.93
7066,5989.3
7067,5995.36
7068,6001.39
7069,6006.96
7070,6012.08
7071,6016.38
7072,6020.1
7073,6023.45
7074,6026.15
7075,6028.04
7076,6029.74
7077,6031.33
7078,6032.5
7079,6034.63
7080,6037.22
7081,6039.51
7082,6041.62
7083,6043.99
7084,6046.01
7085,6048.78
7086,6051.65
7087,6054.99
7088,6058.01
7089,6060.56
7090,6062.3
7091,6062.97
7092,6062.88
7093,6062.43
7094,6062.03
7095,6061.78
7096,6061
7097,6059.81
7098,6057.97
7099,6055.07
7100,6051.17
7101,6046.42
7102,6040.79
7103,6034.12
7104,6027.36
7105,6019.67
7106,6011.74
7107,6002.94
7108,5994.07
7109,5986.63
7110,5979.95
7111,5974.7
7112,5969.59
7113,5964.22
7114,5958.48
7115,5953.06
7116,5946.98
7117,5939.85
7118,5931.64
7119,5922.35
7120,5912.7
7121,5902.42
7122,5891.49
7123,5879.51
7124,5867.26
7125,5854.48
7126,5842.45
7127,5831.1
7128,5820.41
7129,5809.81
7130,5799.17
7131,5788.11
7132,5776.75
7133,5764.74
7134,5753.07
7135,5741.61
7136,5731.17
7137,5721.48
7138,5712.31
7139,5702.48
7140,5690.57
7141,5678.12
7142,5665.48
7143,5652.87
7144,5641.67
7145,5631.23
7146,5619.6
7147,5606.95
7148,5593.32
7149,5578.78
7150,5563.93
7151,5549.9
7152,5536.36
7153,5523.78
7154,5509.94
7155,5494.5
7156,5478.06
7157,5460.34
7158,5441.05
7159,5420.13
7160,5398.97
7161,5376
7162,5351.8
7163,5326.29
7164,5299.6
7165,5273.06
7166,5247.02
7167,5222.18
7168,5199.24
7169,5177.49
7170,5156.53
7171,5137.25
7172,5118.6
7173,5100.7
7174,5084.22
7175,5068.76
7176,5054.07
7177,5040.84
7178,5028.13
7179,5016.09
7180,5004.56
7181,4993.23
7182,4983.41
7183,4975.63
7184,4970.29
7185,4967.77
7186,4967.6
7187,4970.21
7188,4975.62
7189,4983.64
7190,4994.32
7191,5007.05
7192,5022.18
7193,5039.79
7194,5059.97
7195,5083.4
7196,5108.99
7197,5136.04
7198,5163.75
7199,5191.41
7200,5217.73
7201,5243.19
7202,5267.52
7203,5292
7204,5315.08
7205,5337.2
7206,5358.38
7207,5378.82
7208,5399.45
7209,5419.77
7210,5440.19
7211,5461.24
7212,5483.02
7213,5505.13
7214,5528.13
7215,5551.51
7216,5574.44
7217,5596.24
7218,5617.49
7219,5637.89
7220,5656.53
7221,5674.65
7222,5691.7
7223,5707
7224,5721.82
7225,5735.58
7226,5748.36
7227,5759.46
7228,5769.8
7229,5779.07
7230,5787.98
7231,5797.17
7232,5805.93
7233,5815.17
7234,5824.53
7235,5834.1
7236,5843.95
7237,5854.02
7238,5863.68
7239,5873.06
7240,5881.83
7241,5890.26
7242,5898.05
7243,5905.52
7244,5912.75
7245,5919.58
7246,5925.93
7247,5932.13
7248,5937.65
7249,5942.52
7250,5946.93
7251,5950.52
7252,5954.5
7253,5958.49
7254,5961.91
7255,5964.84
7256,5967.38
7257,5969.68
7258,5971.49
7259,5973.36
7260,5975.39
7261,5977.72
7262,5980.38
7263,5984.43
7264,5988.15
7265,5991.41
7266,5994.32
7267,5996.15
7268,5996.81
7269,5997.01
7270,5996.47
7271,5994.91
7272,5992.56
7273,5989.33
7274,5985.11
7275,5979.13
7276,5972.12
7277,5964.87
7278,5957.25
7279,5950.1
7280,5942.97
7281,5936.8
7282,5930.9
7283,5924.92
7284,5919.07
7285,5913.31
7286,5908.95
7287,5905.24
7288,5902.35
7289,5899.55
7290,5896.24
7291,5893.44
7292,5890.96
7293,5888.89
7294,5888.35
7295,5888.66
7296,5889.81
7297,5891.75
7298,5894.42
7299,5898.3
7300,5902.6
7301,5906.71
7302,5909.92
7303,5913.33
7304,5917.1
7305,5920.78
7306,5924.3
7307,5928.01
7308,5931.88
7309,5935.67
7310,5939.55
7311,5943.11
7312,5946.59
7313,5949.65
7314,5951.41
7315,5952.86
7316,5953.81
7317,5954.11
7318,5953.7
7319,5952.98
7320,5951.82
7321,5949.49
7322,5946.58
7323,5943.27
7324,5940.31
7325,5937.97
7326,5936.17
7327,5934.3
7328,5931.72
7329,5928.87
7330,5926.02
7331,5924.1
7332,5923.48
7333,5923.61
7334,5924.22
7335,5925.53
7336,5927.96
7337,5931.64
7338,5935.07
7339,5938.18
7340,5940.57
7341,5942
7342,5942.61
7343,5943.35
7344,5943.66
7345,5943.33
7346,5942.6
7347,5941.06
7348,5939.39
7349,5937.36
7350,5935.45
7351,5934.63
7352,5935.26
7353,5935.97
7354,5936.19
7355,5934.7
7356,5932.2
7357,5929.59
7358,5927.15
7359,5925.64
7360,5923.46
7361,5920.49
7362,5916.94
7363,5912.11
7364,5905.86
7365,5898.84
7366,5891.74
7367,5884.3
7368,5875.85
7369,5866.76
7370,5856.45
7371,5846.06
7372,5835.81
7373,5825.99
7374,5816.05
7375,5806.79
7376,5797.46
7377,5787.73
7378,5776.84
7379,5766.23
7380,5756.21
7381,5745.42
7382,5734.31
7383,5723.7
7384,5713.43
7385,5703.23
7386,5691.99
7387,5679.7
7388,5667.09
7389,5654
7390,5641.01
7391,5628.58
7392,5615.89
7393,5604.2
7394,5593.4
7395,5584.49
7396,5576.54
7397,5569.91
7398,5563.92
7399,5558.87
7400,5554.95
7401,5553.13
7402,5553.13
7403,5555.03
7404,5558.82
7405,5563.93
7406,5570.19
7407,5576.69
7408,5583.91
7409,5591.46
7410,5599.83
7411,5609.18
7412,5619.01
7413,5628.43
7414,5637.04
7415,5645.16
7416,5653.11
7417,5660.82
7418,5667.53
7419,5673.28
7420,5678.91
7421,5684.77
7422,5691.68
7423,5698.96
7424,5707.27
7425,5715.88
7426,5724.06
7427,5732.98
7428,5743.76
7429,5755.75
7430,5769.07
7431,5783.18
7432,5797.66
7433,5813.1
7434,5829.48
7435,5846.37
7436,5864.23
7437,5882.12
7438,5900.2
7439,5918.2
7440,5936.02
7441,5953.23
7442,5970.73
7443,5987.74
7444,6004.93
7445,6021.53
7446,6037.26
7447,6052.49
7448,6066.59
7449,6079.87
7450,6092.41
7451,6103.37
7452,6113.9
7453,6123.56
7454,6131.76
7455,6138.51
7456,6143.71
7457,6147.64
7458,6150.73
7459,6152.76
7460,6154.47
7461,6155.46
7462,6156.06
7463,6156.63
7464,6157.61
7465,6158.44
7466,6158.57
7467,6158.25
7468,6157.78
7469,6156.96
7470,6156.51
7471,6156.42
7472,6156.5
7473,6156.1
7474,6154.61
7475,6152.12
7476,6148.67
7477,6143.14
7478,6136.54
7479,6128.91
7480,6121.3
7481,6113.27
7482,6104.34
7483,6095.87
7484,6087.01
7485,6078.47
7486,6070.65
7487,6062.74
7488,6055.81
7489,6048.84
7490,6041.92
7491,6035.25
7492,6028.77
7493,6022.26
7494,6015.54
7495,6007.51
7496,5998.84
7497,5989.32
7498,5979.68
7499,5968.94
7500,5958.27
7501,5947.79
7502,5937.58
7503,5927.7
7504,5918.06
7505,5908.19
7506,5898.63
7507,5889.32
7508,5879.75
7509,5870.96
7510,5863.2
7511,5856.46
7512,5849.86
7513,5843.91
7514,5837.82
7515,5831.46
7516,5825.75
7517,5821.17
7518,5818.25
7519,5816.7
7520,5816.08
7521,5816.23
7522,5818.5
7523,5822.38
7524,5828.29
7525,5835.32
7526,5842.81
7527,5851.31
7528,5860.31
7529,5869.11
7530,5877.68
7531,5885.9
7532,5894
7533,5901.74
7534,5909.59
7535,5917.7
7536,5925.53
7537,5933.54
7538,5941.35
7539,5948.87
7540,5955.64
7541,5962.15
7542,5968.54
7543,5974.7
7544,5980.76
7545,5988.16
7546,5996.6
7547,6006.18
7548,6015.08
7549,6023.34
7550,6030.78
7551,6036.93
7552,6041.9
7553,6045.71
7554,6048.87
7555,6051.49
7556,6054.54
7557,6056.64
7558,6057.76
7559,6057.68
7560,6057.62
7561,6057.59
7562,6057.63
7563,6057.32
7564,6056.64
7565,6055.11
7566,6052.64
7567,6048.37
7568,6042.64
7569,6035.41
7570,6026.62
7571,6017.37
7572,6007.74
7573,5997.85
7574,5987.51
7575,5976.32
7576,5965.03
7577,5953.28
7578,5941.77
7579,5931.69
7580,5922.15
7581,5912.93
7582,5903.8
7583,5895.4
7584,5886.85
7585,5878.51
7586,5870.26
7587,5862.55
7588,5854.68
7589,5847.2
7590,5839.6
7591,5831.17
7592,5822.69
7593,5813.8
7594,5805.75
7595,5798.21
7596,5791.83
7597,5786.1
7598,5782.41
7599,5779.56
7600,5777.63
7601,5776.13
7602,5773.92
7603,5770.66
7604,5766.5
7605,5760.9
7606,5754.09
7607,5746.69
7608,5739.39
7609,5734.62
7610,5732.42
7611,5732.99
7612,5735.06
7613,5737.86
7614,5741.5
7615,5745.96
7616,5750.5
7617,5755.38
7618,5759.89
7619,5764.65
7620,5769.28
7621,5774.62
7622,5779.4
7623,5784.48
7624,5788.65
7625,5792.36
7626,5796.4
7627,5800.75
7628,5806.51
7629,5813.18
7630,5819.23
7631,5825.39
7632,5831.67
7633,5837.53
7634,5843.17
7635,5849.15
7636,5855.25
7637,5862.35
7638,5869.33
7639,5875.59
7640,5881.07
7641,5885.88
7642,5890.35
7643,5894.64
7644,5898.86
7645,5903.48
7646,5908.8
7647,5915.24
7648,5924.09
7649,5935.02
7650,5947.4
7651,5960.38
7652,5973.66
7653,5987.07
7654,6000.52
7655,6012
7656,6022.25
7657,6030.42
7658,6037.37
7659,6043.16
7660,6048
7661,6052.92
7662,6057.71
7663,6063.02
7664,6068.33
7665,6074.03
7666,6080.06
7667,6085.39
7668,6090.3
7669,6094.72
7670,6098.4
7671,6102.33
7672,6106.08
7673,6109.65
7674,6112.19
7675,6114.22
7676,6115.9
7677,6117.5
7678,6118.77
7679,6120.36
