0,2665.11
1,2665.11
2,2666.03
3,2667.39
4,2668.28
5,2670.61
6,2672.5
7,2674.8
8,2677.24
9,2680.67
10,2682.2
11,2683.93
12,2687.91
13,2690.89
14,2693.21
15,2693.9
16,2695.95
17,2696.99
18,2700.87
19,2705.63
20,2711.89
21,2714.48
22,2721.94
23,2727.67
24,2731.3
25,2734.87
26,2738.61
27,2741.94
28,2745.8
29,2748.28
30,2751.57
31,2754.76
32,2757.68
33,2759.04
34,2761.01
35,2763.14
36,2765.08
37,2766.13
38,2768.24
39,2770.28
40,2773.22
41,2775.01
42,2775.86
43,2776.66
44,2778.35
45,2778.3
46,2778.38
47,2778.52
48,2777.39
49,2775.87
50,2777.02
51,2777.29
52,2777.6
53,2779.22
54,2780.73
55,2782.17
56,2783.14
57,2785.33
58,2788.19
59,2789.77
60,2791.1
61,2790.51
62,2789.31
63,2789
64,2789.62
65,2789.83
66,2789.33
67,2790.31
68,2788.77
69,2786.78
70,2786.43
71,2786.42
72,2786.93
73,2786.26
74,2786.19
75,2785.81
76,2785.78
77,2786.16
78,2787.12
79,2786.32
80,2787.84
81,2786.51
82,2785.87
83,2786.73
84,2786.97
85,2785.34
86,2784.95
87,2785.97
88,2787.19
89,2787.57
90,2786.7
91,2785.81
92,2784.18
93,2784.33
94,2783.46
95,2782.39
96,2783.12
97,2782.12
98,2782.37
99,2782.72
100,2782.71
101,2782.62
102,2783.15
103,2783.55
104,2783.62
105,2782.84
106,2782.55
107,2782.9
108,2782.04
109,2782.33
110,2782.45
111,2781.94
112,2781.3
113,2780.35
114,2780.01
115,2780.11
116,2779.93
117,2779.7
118,2779.94
119,2780.35
120,2781.76
121,2781.82
122,2782.14
123,2782.4
124,2782.29
125,2781.85
126,2782.87
127,2783.08
128,2782.51
129,2782.71
130,2782.76
131,2781.97
132,2782.15
133,2782.5
134,2783.47
135,2783.6
136,2783.24
137,2782.3
138,2782.17
139,2783.21
140,2782.88
141,2782.11
142,2782.5
143,2783.47
144,2784.17
145,2785.33
146,2786.34
147,2787.09
148,2788.29
149,2788.04
150,2787.84
151,2787.82
152,2787.81
153,2787.5
154,2787.91
155,2787.35
156,2786.32
157,2785.25
158,2783.92
159,2782.86
160,2782.26
161,2783.13
162,2781.41
163,2782
164,2782.69
165,2782.29
166,2781.89
167,2782.32
168,2783.25
169,2781.71
170,2780.54
171,2779.49
172,2777.37
173,2776.35
174,2773.95
175,2772.99
176,2772.14
177,2771.45
178,2771.99
179,2770.23
180,2770.63
181,2769.29
182,2770.46
183,2770.39
184,2769.86
185,2768.56
186,2767.81
187,2767.29
188,2767.99
189,2767.18
190,2767.31
191,2767.18
192,2768.33
193,2767.56
194,2766.94
195,2766.97
196,2766.32
197,2765.82
198,2765.78
199,2766.92
200,2766.15
201,2764.36
202,2764.06
203,2762.72
204,2763.21
205,2762.73
206,2761.93
207,2762.42
208,2762.01
209,2763.03
210,2763.33
211,2764.68
212,2764.89
213,2767.59
214,2770.1
215,2771.75
216,2772.57
217,2773.57
218,2774.3
219,2774.61
220,2774.17
221,2772.58
222,2771.75
223,2771.08
224,2772.3
225,2773.3
226,2774.9
227,2775.51
228,2777.61
229,2777.86
230,2778.65
231,2780.87
232,2781.94
233,2783.66
234,2786
235,2787.53
236,2789.72
237,2789.65
238,2790.94
239,2793.88
240,2794.21
241,2795.25
242,2796.63
243,2796.35
244,2796.81
245,2798.36
246,2799.32
247,2800.23
248,2801.92
249,2804.07
250,2806.02
251,2807.55
252,2807.4
253,2808.48
254,2809.79
255,2811.65
256,2812.48
257,2814.39
258,2814.78
259,2816.16
260,2817.38
261,2818.33
262,2819.69
263,2820.27
264,2820.7
265,2821.6
266,2822.7
267,2823.02
268,2823.01
269,2824.04
270,2824.51
271,2824.68
272,2824.82
273,2825.66
274,2827.1
275,2826.61
276,2826.12
277,2826.37
278,2827.62
279,2827.45
280,2826.78
281,2826.93
282,2827.61
283,2827.36
284,2827.09
285,2826.42
286,2826.09
287,2826.56
288,2827.62
289,2829.94
290,2831.57
291,2832.09
292,2832.67
293,2833.18
294,2832.72
295,2832.5
296,2830.81
297,2829.96
298,2828.95
299,2827.25
300,2826.03
301,2825.57
302,2825.49
303,2823.22
304,2822.04
305,2822.72
306,2822.07
307,2821.1
308,2820.12
309,2817.83
310,2817.08
311,2816.92
312,2816.06
313,2814.03
314,2813.45
315,2812.22
316,2810.92
317,2809.34
318,2807.29
319,2806.99
320,2806.47
321,2806.13
322,2805.27
323,2804.61
324,2803.08
325,2801.91
326,2801.46
327,2800.03
328,2799.13
329,2798.42
330,2797.59
331,2796.01
332,2795.07
333,2795.61
334,2795.01
335,2794.25
336,2793.05
337,2792.84
338,2791.71
339,2791.73
340,2792.62
341,2793.74
342,2793.69
343,2792.49
344,2792.51
345,2792.32
346,2792.32
347,2792.53
348,2793.1
349,2792.59
350,2793.16
351,2793.35
352,2794.48
353,2795.15
354,2796.98
355,2797.61
356,2798.63
357,2800.2
358,2801.05
359,2801.42
360,2800.8
361,2800.48
362,2800.3
363,2800.95
364,2799.92
365,2799.7
366,2800.38
367,2800.66
368,2801.14
369,2801.62
370,2802.3
371,2802.59
372,2802.96
373,2802.87
374,2804.61
375,2805.66
376,2805.79
377,2805.5
378,2805.76
379,2805.45
380,2806.25
381,2806.53
382,2805.58
383,2805.56
384,2805.85
385,2806.27
386,2805.18
387,2805.59
388,2806.87
389,2807.1
390,2807.59
391,2808.06
392,2808.28
393,2808.21
394,2807.49
395,2807.95
396,2808.36
397,2807.88
398,2807.43
399,2805.82
400,2805.37
401,2804.92
402,2803.41
403,2802.83
404,2802.71
405,2802.88
406,2800.96
407,2799.33
408,2798.23
409,2798.28
410,2796.85
411,2796.31
412,2797.14
413,2796.89
414,2797.16
415,2797.74
416,2798.14
417,2796.55
418,2796.72
419,2796.32
420,2795.93
421,2794.55
422,2793.25
423,2792.68
424,2791.96
425,2791.37
426,2791.3
427,2791.46
428,2792.32
429,2790.97
430,2792.03
431,2793.61
432,2794.85
433,2795.55
434,2796.48
435,2796.8
436,2799.16
437,2799.72
438,2799.49
439,2800.29
440,2801.47
441,2801.2
442,2800.75
443,2800.47
444,2801.15
445,2801.38
446,2801.03
447,2801.2
448,2801.96
449,2802.1
450,2802.55
451,2802.29
452,2800.76
453,2800.11
454,2800.17
455,2798.7
456,2798.13
457,2797.74
458,2798.23
459,2800.11
460,2801.21
461,2801.79
462,2802.71
463,2804.76
464,2806.53
465,2807.33
466,2808.47
467,2809.15
468,2810.36
469,2811.31
470,2812.19
471,2813.36
472,2814.17
473,2813.98
474,2814.62
475,2815.25
476,2816.36
477,2817.9
478,2820.37
479,2822.6
480,2824.1
481,2825.78
482,2826.64
483,2828.32
484,2829.49
485,2830.19
486,2830.71
487,2830.97
488,2830.65
489,2829.85
490,2829.22
491,2828.94
492,2829.06
493,2830.03
494,2830.58
495,2830.64
496,2830.81
497,2831.77
498,2831.46
499,2830.26
500,2830.35
501,2829.9
502,2830.65
503,2831.1
504,2830.36
505,2829.99
506,2830.51
507,2830.78
508,2830.53
509,2831.32
510,2831.76
511,2830.94
512,2831.14
513,2830.9
514,2831.55
515,2831.74
516,2832.13
517,2833.36
518,2833.57
519,2834.03
520,2835.05
521,2835.43
522,2835.3
523,2835.14
524,2834.74
525,2834.15
526,2834.43
527,2833.8
528,2833.14
529,2832.2
530,2831.74
531,2830.56
532,2831.13
533,2832.16
534,2833.1
535,2833.99
536,2833.58
537,2834.11
538,2834.15
539,2833.61
540,2832.05
541,2831.21
542,2831.08
543,2831.3
544,2832.36
545,2834.44
546,2835.52
547,2836.43
548,2837.36
549,2838.38
550,2839.45
551,2840.05
552,2840.19
553,2839.42
554,2839.11
555,2838.93
556,2839.18
557,2839.29
558,2839.81
559,2841.06
560,2840.92
561,2840.94
562,2840.92
563,2840.78
564,2839.95
565,2838.94
566,2838.09
567,2836.45
568,2835.49
569,2834.63
570,2834.57
571,2833.97
572,2833.59
573,2834.52
574,2835.18
575,2835.76
576,2835.28
577,2833.5
578,2831.65
579,2829.88
580,2829.46
581,2827.7
582,2827.05
583,2825.68
584,2824.85
585,2823.18
586,2822.38
587,2821.81
588,2820.65
589,2820.55
590,2820.35
591,2820.06
592,2818.11
593,2817
594,2816.68
595,2815.11
596,2813.64
597,2811.46
598,2809.93
599,2808.83
600,2807.86
601,2807.04
602,2806.14
603,2804.34
604,2804.34
605,2804.36
606,2803.38
607,2803.87
608,2803.28
609,2803.23
610,2802.9
611,2802.31
612,2802.69
613,2801.68
614,2800.24
615,2799.46
616,2798.68
617,2796.97
618,2797.06
619,2796.82
620,2797.34
621,2797.37
622,2798.23
623,2798.57
624,2798.54
625,2799.02
626,2799.93
627,2799.55
628,2799.77
629,2799.96
630,2800.34
631,2800.73
632,2800.49
633,2800.67
634,2799.63
635,2798.9
636,2799.38
637,2800.11
638,2799.87
639,2800.2
640,2799.88
641,2798.78
642,2797.06
643,2796.46
644,2795.93
645,2797.26
646,2797.83
647,2798.22
648,2800.1
649,2800.91
650,2802.51
651,2802.36
652,2802.44
653,2803.1
654,2802.09
655,2801.19
656,2801.39
657,2801.45
658,2801.71
659,2800.19
660,2800.67
661,2801.31
662,2800.95
663,2799.73
664,2799.07
665,2800.86
666,2802.58
667,2802.45
668,2803.16
669,2803.32
670,2803.53
671,2804.63
672,2805.38
673,2805.77
674,2806.24
675,2806.57
676,2806.67
677,2807.69
678,2808
679,2809.68
680,2810.36
681,2811.69
682,2813.89
683,2814.7
684,2815.55
685,2816.5
686,2817.9
687,2818.65
688,2819.54
689,2819.46
690,2820.15
691,2821.66
692,2823.78
693,2825.36
694,2825.76
695,2826.67
696,2826.55
697,2826.74
698,2826.31
699,2827.02
700,2826.42
701,2827.9
702,2829.15
703,2830.51
704,2832.59
705,2833.3
706,2834.02
707,2834.33
708,2834.14
709,2833.91
710,2833.81
711,2833.82
712,2832.95
713,2832.81
714,2833.4
715,2833.77
716,2834.39
717,2833.76
718,2833.01
719,2833.54
720,2834.57
721,2834.99
722,2835.71
723,2836.6
724,2836.55
725,2837.41
726,2837.98
727,2838.76
728,2838.38
729,2838.29
730,2838.08
731,2838.12
732,2838
733,2837.4
734,2836.72
735,2836.11
736,2835.39
737,2835.78
738,2834.79
739,2834.71
740,2834.22
741,2833.41
742,2832.93
743,2832.13
744,2832.37
745,2832.34
746,2831.87
747,2831.72
748,2831.92
749,2831.3
750,2832.36
751,2832.93
752,2834.41
753,2834.67
754,2835.5
755,2835.57
756,2835.26
757,2834.06
758,2833.69
759,2833.16
760,2832.68
761,2831.27
762,2829.91
763,2829.67
764,2829.22
765,2829.01
766,2828.65
767,2828.69
768,2829.39
769,2829.28
770,2829.99
771,2828.56
772,2826.89
773,2826.38
774,2826.22
775,2825.85
776,2825.16
777,2823.8
778,2822.76
779,2823.19
780,2823.39
781,2822.78
782,2823.99
783,2823.7
784,2824.31
785,2824.4
786,2823.52
787,2823.04
788,2822.59
789,2823.33
790,2824.05
791,2824.47
792,2823.79
793,2821.88
794,2820.59
795,2819.35
796,2818.2
797,2817.61
798,2816.59
799,2816.82
800,2816.5
801,2815.74
802,2813.29
803,2811.74
804,2811.07
805,2810.12
806,2809.76
807,2809.25
808,2808.25
809,2807.84
810,2806.9
811,2806.1
812,2805.95
813,2806.2
814,2804.95
815,2804.17
816,2804.43
817,2804.21
818,2803.24
819,2803.17
820,2803
821,2805.19
822,2804.61
823,2803.97
824,2803.11
825,2803.08
826,2802.4
827,2802.61
828,2801.93
829,2800.99
830,2800.94
831,2800.48
832,2801.37
833,2801.16
834,2801.06
835,2800.45
836,2801.07
837,2801.87
838,2803.95
839,2805.07
840,2805.55
841,2805.58
842,2806.43
843,2807.51
844,2807.5
845,2808.21
846,2808.64
847,2809.03
848,2808.21
849,2808.47
850,2808.01
851,2807.34
852,2806.64
853,2805.9
854,2805.95
855,2805.27
856,2805.14
857,2804.98
858,2805.58
859,2806.89
860,2807.45
861,2807.48
862,2807.73
863,2808.14
864,2808.92
865,2809.85
866,2810.63
867,2811.32
868,2811.73
869,2811.5
870,2811.66
871,2812.26
872,2811.82
873,2812.56
874,2812.84
875,2812.53
876,2813.81
877,2813.38
878,2813.73
879,2813.78
880,2815.07
881,2816.46
882,2816.95
883,2818.21
884,2818.83
885,2819.7
886,2820.66
887,2820.75
888,2820.85
889,2820.76
890,2820.72
891,2821.89
892,2822.3
893,2822.59
894,2822.93
895,2824.17
896,2824.13
897,2824.76
898,2825.99
899,2828.87
900,2830.06
901,2830.95
902,2831.7
903,2832.29
904,2834.25
905,2836.1
906,2837.87
907,2837.43
908,2837.31
909,2837.1
910,2837.17
911,2837.3
912,2837.4
913,2838.3
914,2839.19
915,2839.72
916,2838.88
917,2838.51
918,2838.49
919,2838.84
920,2838.49
921,2838.25
922,2838.55
923,2838.69
924,2837.31
925,2837.4
926,2837.39
927,2836.91
928,2838.09
929,2838.28
930,2837.91
931,2836.43
932,2834.05
933,2832.16
934,2830.36
935,2829.99
936,2829.35
937,2829.45
938,2828.33
939,2827.67
940,2826.79
941,2826.84
942,2825.71
943,2825.12
944,2823.89
945,2822.92
946,2822.43
947,2822.73
948,2822.96
949,2823.65
950,2823.31
951,2824.51
952,2823.2
953,2822.19
954,2821.39
955,2821.72
956,2820.91
957,2820.7
958,2821.13
959,2821.33
960,2821.6
961,2821.62
962,2821.52
963,2821.45
964,2821.51
965,2821.57
966,2820.96
967,2820.5
968,2820.03
969,2820.24
970,2819.25
971,2819.6
972,2819.42
973,2819.74
974,2819.02
975,2819.38
976,2819.15
977,2819.64
978,2818.22
979,2818.67
980,2819.8
981,2819.71
982,2820.5
983,2820.26
984,2821.28
985,2822.28
986,2823.92
987,2824.24
988,2824.29
989,2824.86
990,2824.87
991,2825.77
992,2826.27
993,2826.26
994,2826.87
995,2826.14
996,2826.15
997,2827.17
998,2826.95
999,2827.02
1000,2827.05
1001,2827.38
1002,2827.45
1003,2828
1004,2828.7
1005,2828.54
1006,2827.15
1007,2826.81
1008,2826.66
1009,2826.79
1010,2826.64
1011,2826.61
1012,2826.31
1013,2825.76
1014,2826
1015,2825.66
1016,2824.57
1017,2824.63
1018,2823.78
1019,2822.68
1020,2822.55
1021,2821.95
1022,2821.61
1023,2820.62
1024,2819.06
1025,2819.21
1026,2818.21
1027,2817.59
1028,2815.45
1029,2813.4
1030,2811.23
1031,2809.46
1032,2807.59
1033,2806.17
1034,2803.45
1035,2802.29
1036,2801.11
1037,2799.97
1038,2799.44
1039,2798.79
1040,2798.1
1041,2797.12
1042,2797.58
1043,2797.43
1044,2797.19
1045,2797.39
1046,2797.34
1047,2797.71
1048,2797.8
1049,2797.87
1050,2797.5
1051,2797.02
1052,2796.28
1053,2795.81
1054,2795.17
1055,2794.47
1056,2794.09
1057,2794.07
1058,2793.94
1059,2792.61
1060,2792.77
1061,2793.08
1062,2793.41
1063,2793.64
1064,2793.8
1065,2792.62
1066,2792.96
1067,2792.87
1068,2792.68
1069,2793.05
1070,2793.88
1071,2793.68
1072,2793.66
1073,2793.11
1074,2794.88
1075,2795.89
1076,2796.42
1077,2798.39
1078,2799.48
1079,2800.58
1080,2799.95
1081,2799.96
1082,2801.35
1083,2802.13
1084,2803.58
1085,2805.62
1086,2806.84
1087,2807.54
1088,2808.03
1089,2808.02
1090,2808.57
1091,2808.88
1092,2808.43
1093,2808.28
1094,2807.72
1095,2806.6
1096,2805.86
1097,2805.09
1098,2804.13
1099,2803.82
1100,2804.43
1101,2804.7
1102,2804.5
1103,2804.13
1104,2803.43
1105,2803.6
1106,2803.32
1107,2803.22
1108,2803.62
1109,2803.78
1110,2803.47
1111,2802.14
1112,2802.37
1113,2801.93
1114,2801.38
1115,2802.48
1116,2802.68
1117,2802.67
1118,2804.47
1119,2804.81
1120,2806.52
1121,2806.7
1122,2806.51
1123,2807.22
1124,2807.48
1125,2807.8
1126,2807.64
1127,2808.71
1128,2809.59
1129,2809.68
1130,2808.11
1131,2807.5
1132,2806.88
1133,2807.61
1134,2808.23
1135,2808.96
1136,2809.28
1137,2809.23
1138,2809.31
1139,2810.37
1140,2812.17
1141,2813.59
1142,2815.57
1143,2816.46
1144,2817.99
1145,2818.59
1146,2819.67
1147,2820.73
1148,2821.97
1149,2822.75
1150,2824.29
1151,2824.1
1152,2824.69
1153,2825.48
1154,2826.43
1155,2827.9
1156,2828.04
1157,2829.48
1158,2829.84
1159,2830.22
1160,2830.77
1161,2831.94
1162,2832.89
1163,2834.89
1164,2835.24
1165,2835.49
1166,2836.58
1167,2837.7
1168,2838.54
1169,2838.13
1170,2837.98
1171,2837.96
1172,2837.28
1173,2836.96
1174,2837.03
1175,2837.77
1176,2838.21
1177,2838.99
1178,2840.38
1179,2841
1180,2841.79
1181,2843.6
1182,2844.5
1183,2844.96
1184,2845.3
1185,2845.19
1186,2845.53
1187,2845.74
1188,2845.62
1189,2845.13
1190,2845.64
1191,2846.41
1192,2847.17
1193,2846.83
1194,2846.08
1195,2846.03
1196,2845.43
1197,2845.01
1198,2843.91
1199,2842.12
1200,2841.77
1201,2842.2
1202,2842.13
1203,2841.43
1204,2841.43
1205,2841.13
1206,2840.62
1207,2840.15
1208,2839.5
1209,2839.82
1210,2838.96
1211,2838.52
1212,2838.82
1213,2839.61
1214,2839.96
1215,2839.57
1216,2839.54
1217,2840.8
1218,2841.55
1219,2841.82
1220,2841.27
1221,2841.76
1222,2842.27
1223,2842.11
1224,2840.37
1225,2840.15
1226,2840.1
1227,2839.78
1228,2840.66
1229,2839.9
1230,2839.56
1231,2838.81
1232,2838.07
1233,2836.28
1234,2835.42
1235,2834.35
1236,2833.8
1237,2833.33
1238,2832.52
1239,2833.06
1240,2832.63
1241,2832.27
1242,2831.35
1243,2830.86
1244,2829.53
1245,2828.36
1246,2826.44
1247,2826.37
1248,2825.86
1249,2825.29
1250,2825.16
1251,2823.6
1252,2823.8
1253,2823.36
1254,2822.92
1255,2821.09
1256,2819.93
1257,2819.01
1258,2817.85
1259,2816.89
1260,2815.8
1261,2814.96
1262,2815.2
1263,2814.51
1264,2814.01
1265,2813.06
1266,2811.89
1267,2811.22
1268,2810.2
1269,2809.22
1270,2808.6
1271,2809.01
1272,2808.66
1273,2808.26
1274,2807.64
1275,2807.61
1276,2808.38
1277,2807.63
1278,2808.01
1279,2807.08
1280,2806.59
1281,2805
1282,2805.2
1283,2804.54
1284,2802.08
1285,2799.59
1286,2799
1287,2799.35
1288,2799.08
1289,2797.84
1290,2797.89
1291,2798.89
1292,2799.03
1293,2798.21
1294,2797.59
1295,2798.73
1296,2798.65
1297,2798.49
1298,2798.4
1299,2797.92
1300,2797.16
1301,2795.14
1302,2794.64
1303,2794.4
1304,2794.05
1305,2792.28
1306,2791.22
1307,2791.82
1308,2792.01
1309,2790.72
1310,2790.18
1311,2789.72
1312,2790.27
1313,2789.11
1314,2789.15
1315,2788.83
1316,2789.03
1317,2788.51
1318,2789.38
1319,2789.65
1320,2789.51
1321,2790.28
1322,2790.95
1323,2792.43
1324,2792.75
1325,2793.37
1326,2793.73
1327,2793.77
1328,2795.28
1329,2795.61
1330,2795.6
1331,2795.77
1332,2795.68
1333,2796.45
1334,2797.37
1335,2796.76
1336,2797.95
1337,2797.31
1338,2797.57
1339,2798.7
1340,2799.21
1341,2800.37
1342,2803.38
1343,2803.22
1344,2803.62
1345,2804.93
1346,2805.65
1347,2806.43
1348,2806.85
1349,2807.24
1350,2808.04
1351,2809.25
1352,2808.92
1353,2808.81
1354,2809.53
1355,2807.85
1356,2807.6
1357,2808.86
1358,2809.75
1359,2811.74
1360,2813.14
1361,2815.2
1362,2815.84
1363,2817.67
1364,2818.06
1365,2819.45
1366,2820.21
1367,2821.53
1368,2821.15
1369,2821.56
1370,2822.16
1371,2822.53
1372,2823.92
1373,2824.05
1374,2822.72
1375,2822.91
1376,2823.11
1377,2823.66
1378,2823.29
1379,2822.16
1380,2822.33
1381,2821.99
1382,2822.36
1383,2821.66
1384,2821.28
1385,2821.9
1386,2823.2
1387,2823.17
1388,2824.39
1389,2823.82
1390,2822.51
1391,2821.72
1392,2820.55
1393,2819.89
1394,2820.77
1395,2821.98
1396,2822.93
1397,2823.62
1398,2824
1399,2823.99
1400,2824.65
1401,2824.24
1402,2824.11
1403,2823.58
1404,2823.07
1405,2823.25
1406,2824.88
1407,2825
1408,2824.82
1409,2824.95
1410,2825.29
1411,2826.59
1412,2826.51
1413,2827.03
1414,2828.46
1415,2828.87
1416,2828.73
1417,2828.44
1418,2828.79
1419,2828.45
1420,2826.72
1421,2826.67
1422,2826.55
1423,2826.07
1424,2825.51
1425,2825.3
1426,2824.06
1427,2822.78
1428,2821.56
1429,2820.95
1430,2819.89
1431,2819.35
1432,2819.61
1433,2820.14
1434,2820.48
1435,2820.77
1436,2820.78
1437,2820.88
1438,2820.67
1439,2821.48
1440,2821.48
1441,2820.57
1442,2820.14
1443,2818.43
1444,2816.67
1445,2815.67
1446,2813.9
1447,2812.8
1448,2811.54
1449,2809.71
1450,2809.66
1451,2807.89
1452,2806.97
1453,2806.47
1454,2805.95
1455,2805.98
1456,2805.61
1457,2804.66
1458,2803.64
1459,2802.32
1460,2800.84
1461,2800.58
1462,2799.04
1463,2795.79
1464,2793.57
1465,2792.13
1466,2791.8
1467,2792.02
1468,2791.32
1469,2791.61
1470,2792.29
1471,2791.89
1472,2792.56
1473,2792.42
1474,2792.55
1475,2793.31
1476,2793.27
1477,2794.4
1478,2795.31
1479,2795.29
1480,2796.35
1481,2796.5
1482,2797.47
1483,2797.66
1484,2797.72
1485,2798.12
1486,2797.36
1487,2795.67
1488,2794.03
1489,2792.05
1490,2791.42
1491,2790.06
1492,2787.63
1493,2786.96
1494,2786.33
1495,2785.9
1496,2785.48
1497,2786.15
1498,2786.81
1499,2787.38
1500,2788.59
1501,2788.78
1502,2789.33
1503,2788.63
1504,2788.49
1505,2788.37
1506,2788.83
1507,2789.17
1508,2791.03
1509,2792.02
1510,2791.02
1511,2791.56
1512,2791.62
1513,2792.41
1514,2792.51
1515,2793.02
1516,2794.11
1517,2793.64
1518,2794.63
1519,2795.68
1520,2796.47
1521,2797.12
1522,2797.23
1523,2797.03
1524,2797.13
1525,2798.41
1526,2798.56
1527,2800.13
1528,2801.47
1529,2802.62
1530,2802.47
1531,2802.46
1532,2804.17
1533,2804.51
1534,2804.75
1535,2805.02
1536,2805.28
1537,2804.5
1538,2804.06
1539,2803.78
1540,2804.1
1541,2803.09
1542,2802.2
1543,2803.01
1544,2802.88
1545,2804.56
1546,2805.37
1547,2806.63
1548,2808.07
1549,2808.14
1550,2809.86
1551,2811.06
1552,2812.3
1553,2813.29
1554,2813.93
1555,2814.49
1556,2813.68
1557,2813.68
1558,2813.95
1559,2814.06
1560,2813.62
1561,2813.57
1562,2813.31
1563,2813.93
1564,2813.03
1565,2814.07
1566,2814.47
1567,2814.31
1568,2813.6
1569,2813.6
1570,2814.49
1571,2816.53
1572,2817.49
1573,2817.9
1574,2819.03
1575,2819.74
1576,2820.19
1577,2820.04
1578,2820.9
1579,2820.47
1580,2819.98
1581,2820.15
1582,2819.75
1583,2819.21
1584,2819.68
1585,2819.56
1586,2820.15
1587,2820.7
1588,2820.39
1589,2820.17
1590,2820.52
1591,2821.39
1592,2821.93
1593,2823.15
1594,2823.69
1595,2825.48
1596,2826.09
1597,2825.9
1598,2826.86
1599,2827.35
1600,2828.55
1601,2829.2
1602,2828.6
1603,2828.09
1604,2827.66
1605,2826.94
1606,2827.23
1607,2827.69
1608,2828.13
1609,2828.62
1610,2827.8
1611,2827.88
1612,2827.41
1613,2827.52
1614,2827.94
1615,2828.5
1616,2828.34
1617,2827.77
1618,2827.39
1619,2827.23
1620,2827.58
1621,2826.91
1622,2827.19
1623,2826.28
1624,2825.92
1625,2824.72
1626,2823.05
1627,2821.41
1628,2821.74
1629,2821.99
1630,2822.19
1631,2821.91
1632,2822.1
1633,2821.67
1634,2821.18
1635,2821.09
1636,2821.65
1637,2820.21
1638,2819.85
1639,2820.11
1640,2819.11
1641,2818.28
1642,2818.31
1643,2818.02
1644,2817.63
1645,2816.52
1646,2815.07
1647,2813.67
1648,2812.12
1649,2810.97
1650,2810.37
1651,2810.62
1652,2809.3
1653,2807.8
1654,2808.35
1655,2809.58
1656,2810.3
1657,2811.97
1658,2811.93
1659,2812.94
1660,2812.4
1661,2812.92
1662,2813.86
1663,2813.81
1664,2814.39
1665,2815.15
1666,2816.32
1667,2815.84
1668,2816.35
1669,2816.65
1670,2817.47
1671,2817.96
1672,2818.76
1673,2818.3
1674,2819.53
1675,2820.52
1676,2821.09
1677,2821.91
1678,2822.12
1679,2821.44
1680,2820.75
1681,2819.6
1682,2818.53
1683,2816.66
1684,2815.08
1685,2815.17
1686,2814.18
1687,2813.45
1688,2812.45
1689,2811.92
1690,2811.62
1691,2810.86
1692,2810.09
1693,2809.94
1694,2809.28
1695,2809.38
1696,2808
1697,2807.37
1698,2806.15
1699,2805.39
1700,2803.45
1701,2801.95
1702,2800.96
1703,2800.94
1704,2801.29
1705,2802.61
1706,2801.36
1707,2799.71
1708,2798.84
1709,2799.23
1710,2798.94
1711,2798.51
1712,2797.93
1713,2796.83
1714,2795.83
1715,2795.04
1716,2794.62
1717,2794.05
1718,2792.94
1719,2792.36
1720,2791.26
1721,2790.66
1722,2791.44
1723,2791.54
1724,2791.54
1725,2791.98
1726,2791.86
1727,2792.21
1728,2792.73
1729,2792.75
1730,2794.39
1731,2794.91
1732,2796.68
1733,2798
1734,2798.45
1735,2798.61
1736,2799.37
1737,2798.94
1738,2799.36
1739,2799.99
1740,2800.44
1741,2801.81
1742,2801.04
1743,2801.75
1744,2802.11
1745,2801.61
1746,2801.76
1747,2801.89
1748,2801.96
1749,2803.27
1750,2804.13
1751,2804.62
1752,2806.5
1753,2806.73
1754,2808.38
1755,2809.09
1756,2809.42
1757,2810.06
1758,2810.06
1759,2809.29
1760,2809.14
1761,2809.56
1762,2811.46
1763,2811.36
1764,2811.12
1765,2811.72
1766,2812.29
1767,2812.89
1768,2813.45
1769,2813.13
1770,2813.27
1771,2812.5
1772,2812.58
1773,2812.61
1774,2812.1
1775,2812.7
1776,2813.54
1777,2813.06
1778,2812.38
1779,2812.12
1780,2812.14
1781,2811.76
1782,2811.78
1783,2811.86
1784,2811.2
1785,2811.58
1786,2812.25
1787,2812.71
1788,2814.11
1789,2814.64
1790,2813.19
1791,2812.53
1792,2811.98
1793,2811.74
1794,2810.5
1795,2808.69
1796,2807.74
1797,2807.24
1798,2806.7
1799,2806.77
1800,2806.87
1801,2806.09
1802,2806.61
1803,2806.65
1804,2807.42
1805,2807.9
1806,2808.17
1807,2809.61
1808,2810.91
1809,2812.61
1810,2812.17
1811,2812.92
1812,2814.18
1813,2815
1814,2816.11
1815,2815.84
1816,2817.12
1817,2817.32
1818,2818.14
1819,2819.42
1820,2820.42
1821,2819.85
1822,2818.88
1823,2817.98
1824,2819.08
1825,2819.59
1826,2819.96
1827,2821.08
1828,2820.61
1829,2821.03
1830,2821.21
1831,2821.59
1832,2823.33
1833,2824.13
1834,2825.11
1835,2827.09
1836,2828.21
1837,2828.38
1838,2828.67
1839,2830.26
1840,2830.61
1841,2830.99
1842,2830.39
1843,2830.61
1844,2830.66
1845,2829.7
1846,2829.37
1847,2831.1
1848,2831.89
1849,2830.22
1850,2828.69
1851,2828.72
1852,2828.26
1853,2827.72
1854,2826.67
1855,2826.27
1856,2824.44
1857,2823.57
1858,2823.07
1859,2822.99
1860,2823.25
1861,2823.67
1862,2823.99
1863,2825.46
1864,2826.55
1865,2827.67
1866,2827.91
1867,2827.78
1868,2828.31
1869,2827.8
1870,2827.55
1871,2827.54
1872,2828.34
1873,2828.68
1874,2829.21
1875,2829.71
1876,2829.37
1877,2829.73
1878,2829.01
1879,2828.54
1880,2828.04
1881,2827.02
1882,2826.97
1883,2825.62
1884,2825.57
1885,2824.49
1886,2824.43
1887,2826.07
1888,2825.29
1889,2824.74
1890,2824.98
1891,2824.69
1892,2823.33
1893,2822.18
1894,2821.9
1895,2820.18
1896,2819.85
1897,2819.14
1898,2818.2
1899,2818.11
1900,2818.03
1901,2817.23
1902,2816.78
1903,2816.13
1904,2816.03
1905,2815.56
1906,2814.44
1907,2813.76
1908,2811.87
1909,2811.58
1910,2811.18
1911,2809.91
1912,2808.54
1913,2808.7
1914,2807.97
1915,2806.81
1916,2804.91
1917,2803.21
1918,2801.38
1919,2799.27
1920,2798.11
1921,2798.59
1922,2798.7
1923,2798.67
1924,2799.24
1925,2798.21
1926,2797.24
1927,2796.45
1928,2797.33
1929,2797.72
1930,2797.36
1931,2798.02
1932,2798.45
1933,2798.43
1934,2799
1935,2800.09
1936,2802.28
1937,2802.4
1938,2804.1
1939,2803.68
1940,2804.13
1941,2803.73
1942,2803.01
1943,2803.54
1944,2803.21
1945,2802.98
1946,2802.11
1947,2801.88
1948,2800.1
1949,2800.42
1950,2800.65
1951,2799.86
1952,2798.95
1953,2798.81
1954,2799.6
1955,2801.22
1956,2801.93
1957,2801.99
1958,2802.21
1959,2804.12
1960,2806.14
1961,2807.1
1962,2808.86
1963,2811.08
1964,2812.18
1965,2813.6
1966,2814.52
1967,2817.88
1968,2820.14
1969,2821.69
1970,2822.53
1971,2824.02
1972,2824.91
1973,2825.19
1974,2825.88
1975,2826.57
1976,2827.13
1977,2828.71
1978,2830.31
1979,2831.24
1980,2832.44
1981,2833.07
1982,2833.3
1983,2835.05
1984,2834.73
1985,2836.02
1986,2837.55
1987,2838.44
1988,2839.01
1989,2839.58
1990,2840.57
1991,2841.26
1992,2841.55
1993,2841.61
1994,2842.25
1995,2843.09
1996,2844.05
1997,2845.19
1998,2845.29
1999,2845.21
2000,2846.05
2001,2846.07
2002,2846.72
2003,2846.86
2004,2847.76
2005,2848.49
2006,2849.35
2007,2849.9
2008,2852
2009,2854.38
2010,2856.45
2011,2858.2
2012,2858.65
2013,2859.42
2014,2859.6
2015,2860.88
2016,2860.65
2017,2860.83
2018,2861.31
2019,2861.76
2020,2862.2
2021,2862.12
2022,2862.53
2023,2861.72
2024,2861.47
2025,2861.31
2026,2861.62
2027,2861.31
2028,2859.63
2029,2859.08
2030,2857.85
2031,2858.01
2032,2858.11
2033,2859.32
2034,2858.74
2035,2858.01
2036,2858.19
2037,2858.24
2038,2858.49
2039,2858.85
2040,2858.09
2041,2858.1
2042,2858.47
2043,2858.81
2044,2859.13
2045,2859.26
2046,2860.03
2047,2860.83
2048,2861.28
2049,2861.16
2050,2861.54
2051,2862.4
2052,2863.32
2053,2863.83
2054,2863.66
2055,2863.27
2056,2863.74
2057,2864.21
2058,2863.67
2059,2862.69
2060,2862.35
2061,2863.46
2062,2863.57
2063,2862.12
2064,2861.46
2065,2862
2066,2861.87
2067,2861.09
2068,2860.82
2069,2860.57
2070,2860.48
2071,2859.29
2072,2858.87
2073,2858.75
2074,2859.01
2075,2858.8
2076,2857.52
2077,2856.02
2078,2854.95
2079,2854.12
2080,2853.42
2081,2852.49
2082,2853.14
2083,2852.31
2084,2851.51
2085,2851.28
2086,2851.62
2087,2851.17
2088,2850.58
2089,2850.61
2090,2850.43
2091,2849.8
2092,2849.06
2093,2848.64
2094,2848.82
2095,2848.69
2096,2847.7
2097,2846.93
2098,2846.17
2099,2845.21
2100,2844.52
2101,2844.55
2102,2845.03
2103,2844.41
2104,2844.38
2105,2844.5
2106,2844.82
2107,2844.6
2108,2843.58
2109,2842.09
2110,2840.84
2111,2840.65
2112,2839.05
2113,2837.78
2114,2836.36
2115,2835.61
2116,2834.18
2117,2834.46
2118,2833.53
2119,2831.97
2120,2830.6
2121,2829.78
2122,2829.43
2123,2827.89
2124,2826.95
2125,2827.26
2126,2827.16
2127,2826.9
2128,2826.23
2129,2825.3
2130,2824.09
2131,2822.78
2132,2821.64
2133,2820.88
2134,2820.45
2135,2821.16
2136,2820.6
2137,2820.02
2138,2819.84
2139,2819.36
2140,2820.36
2141,2821.01
2142,2819.31
2143,2819.48
2144,2819.51
2145,2819.2
2146,2818.93
2147,2819.77
2148,2820.3
2149,2820.01
2150,2819.48
2151,2818.87
2152,2817.42
2153,2816
2154,2816.06
2155,2817.13
2156,2816.85
2157,2816.4
2158,2815.11
2159,2814.72
2160,2814.49
2161,2815.15
2162,2814.82
2163,2816.05
2164,2816.51
2165,2816.24
2166,2816.56
2167,2816.37
2168,2817.05
2169,2816.84
2170,2816.14
2171,2816.52
2172,2818.43
2173,2819.01
2174,2819.12
2175,2819.67
2176,2820.08
2177,2820.95
2178,2821.7
2179,2822.61
2180,2823.28
2181,2824.32
2182,2825.97
2183,2827.58
2184,2829.42
2185,2830.5
2186,2831.8
2187,2832.61
2188,2833.99
2189,2835.41
2190,2838.1
2191,2840.02
2192,2842.17
2193,2844.34
2194,2845.97
2195,2847.5
2196,2848.8
2197,2849.78
2198,2850.97
2199,2851.66
2200,2851.61
2201,2851.31
2202,2852.38
2203,2852.64
2204,2852.42
2205,2852.08
2206,2852.84
2207,2852.34
2208,2852.5
2209,2852.25
2210,2852.98
2211,2853.74
2212,2855.36
2213,2854.94
2214,2856.49
2215,2858.3
2216,2859.78
2217,2860.69
2218,2861.32
2219,2861.65
2220,2861.36
2221,2862.3
2222,2862.97
2223,2862.04
2224,2861.93
2225,2861.94
2226,2862.3
2227,2862.32
2228,2862.46
2229,2863.06
2230,2864.5
2231,2863.88
2232,2863.98
2233,2863.94
2234,2864.39
2235,2863.65
2236,2862.89
2237,2862.35
2238,2862.63
2239,2862.84
2240,2860.76
2241,2859.42
2242,2857.93
2243,2857.34
2244,2857.11
2245,2856.93
2246,2856.59
2247,2856.44
2248,2856.43
2249,2855.54
2250,2854.15
2251,2853.9
2252,2853.67
2253,2853.17
2254,2853.47
2255,2852.88
2256,2850.71
2257,2849.99
2258,2849.23
2259,2848.53
2260,2848.09
2261,2847.95
2262,2847.69
2263,2846.77
2264,2846.02
2265,2846.41
2266,2845.59
2267,2845.81
2268,2846.79
2269,2846.86
2270,2847.05
2271,2848.08
2272,2848.11
2273,2848.5
2274,2849.01
2275,2848.34
2276,2847.18
2277,2848.7
2278,2849.02
2279,2849.83
2280,2850.19
2281,2851.15
2282,2851.59
2283,2851.02
2284,2851.86
2285,2851.72
2286,2851.99
2287,2852.16
2288,2852.25
2289,2851.14
2290,2851.22
2291,2850.65
2292,2850.72
2293,2850.13
2294,2850.51
2295,2851.97
2296,2853.73
2297,2854.95
2298,2854.54
2299,2854.65
2300,2854.61
2301,2854.78
2302,2855.14
2303,2856.14
2304,2856.46
2305,2857.13
2306,2858.24
2307,2858.35
2308,2857.42
2309,2857.45
2310,2858.29
2311,2859.16
2312,2859.56
2313,2859.39
2314,2858.71
2315,2857.66
2316,2856.75
2317,2855.8
2318,2855.79
2319,2855.77
2320,2855.56
2321,2854.63
2322,2853.9
2323,2853.64
2324,2852.93
2325,2852.45
2326,2851.64
2327,2851.41
2328,2851
2329,2849.65
2330,2848.73
2331,2847.59
2332,2847.27
2333,2847.18
2334,2847.08
2335,2846.9
2336,2847.59
2337,2848.89
2338,2849.14
2339,2849.52
2340,2849.2
2341,2848.26
2342,2847.66
2343,2846.56
2344,2846.27
2345,2845.37
2346,2843.79
2347,2842.57
2348,2842.39
2349,2841.61
2350,2840.68
2351,2841.11
2352,2841.36
2353,2841.61
2354,2841.07
2355,2840.69
2356,2839.84
2357,2840.56
2358,2840.28
2359,2840.65
2360,2842.26
2361,2842.9
2362,2842.28
2363,2842.04
2364,2842.82
2365,2842.36
2366,2842.51
2367,2842.47
2368,2842.62
2369,2842.08
2370,2841.62
2371,2841.4
2372,2840.82
2373,2840.47
2374,2839.12
2375,2839.39
2376,2838.95
2377,2838.39
2378,2838.64
2379,2840.12
2380,2841.1
2381,2842.25
2382,2842.68
2383,2843.5
2384,2843.14
2385,2843.95
2386,2844.66
2387,2844.95
2388,2844.84
2389,2844.52
2390,2845.64
2391,2846.17
2392,2846.53
2393,2846.54
2394,2848.12
2395,2848.15
2396,2848.77
2397,2848.98
2398,2849.84
2399,2851.07
2400,2852.1
2401,2852.23
2402,2852.65
2403,2853.16
2404,2853.03
2405,2854.2
2406,2855.29
2407,2855.3
2408,2856
2409,2855.26
2410,2855.58
2411,2856.52
2412,2856.63
2413,2856.5
2414,2856.68
2415,2856.68
2416,2856.53
2417,2857
2418,2857.69
2419,2857.88
2420,2858
2421,2859.06
2422,2858.53
2423,2858.44
2424,2858.22
2425,2858.58
2426,2858.33
2427,2859.09
2428,2858.52
2429,2858.78
2430,2859.49
2431,2860.35
2432,2860.99
2433,2860.67
2434,2860.84
2435,2860.17
2436,2860.16
2437,2859.77
2438,2859.36
2439,2858.83
2440,2859.38
2441,2859.25
2442,2859.39
2443,2859.43
2444,2859.3
2445,2860.14
2446,2861.18
2447,2861.36
2448,2861.62
2449,2862.23
2450,2863.89
2451,2865.29
2452,2866.06
2453,2865.76
2454,2866.3
2455,2867.41
2456,2867.13
2457,2867.18
2458,2866.71
2459,2866.69
2460,2866.51
2461,2866.8
2462,2867.42
2463,2867.74
2464,2868.18
2465,2869.2
2466,2868.99
2467,2869.6
2468,2868.89
2469,2868.62
2470,2868.43
2471,2867.88
2472,2867.19
2473,2867.06
2474,2866.63
2475,2866.48
2476,2866.19
2477,2866.38
2478,2865.83
2479,2865.53
2480,2865.35
2481,2865.57
2482,2866.92
2483,2867.47
2484,2868.15
2485,2867.42
2486,2866.37
2487,2865.98
2488,2865.39
2489,2864.12
2490,2862.46
2491,2861.71
2492,2862.44
2493,2861.84
2494,2861.54
2495,2860.2
2496,2860.19
2497,2860.7
2498,2860.55
2499,2860.07
2500,2861.38
2501,2861.34
2502,2861.16
2503,2861.18
2504,2861.55
2505,2861.84
2506,2861.59
2507,2861.47
2508,2862.36
2509,2862.4
2510,2861.96
2511,2861.62
2512,2861.76
2513,2861.53
2514,2861.64
2515,2862.01
2516,2862.54
2517,2863.62
2518,2864.4
2519,2865.22
2520,2864.63
2521,2865.42
2522,2865.97
2523,2866.64
2524,2866.01
2525,2865.12
2526,2864.67
2527,2864.9
2528,2864.68
2529,2864.12
2530,2863.93
2531,2863.98
2532,2864.68
2533,2864.38
2534,2864.37
2535,2865.04
2536,2865.87
2537,2866.47
2538,2866.99
2539,2867.57
2540,2867.13
2541,2866.97
2542,2867.25
2543,2868.09
2544,2867.81
2545,2866.98
2546,2866.89
2547,2866.56
2548,2866.79
2549,2866.13
2550,2865.63
2551,2866.32
2552,2865.88
2553,2865.56
2554,2866
2555,2865.38
2556,2865.91
2557,2865.65
2558,2865.61
2559,2865.82
2560,2865.83
2561,2865.09
2562,2864.47
2563,2864.11
2564,2864.18
2565,2863.93
2566,2864.06
2567,2863.72
2568,2863.07
2569,2863.77
2570,2863.26
2571,2862.48
2572,2861.49
2573,2861.39
2574,2861.08
2575,2860.13
2576,2859.34
2577,2858.7
2578,2858.25
2579,2857.47
2580,2856.88
2581,2857.12
2582,2857.42
2583,2857.14
2584,2856.97
2585,2857.01
2586,2856.84
2587,2856.57
2588,2856.55
2589,2856.43
2590,2856.39
2591,2855.88
2592,2855.47
2593,2854.14
2594,2853.74
2595,2853.28
2596,2852.93
2597,2852.81
2598,2852.47
2599,2852.89
2600,2852.99
2601,2852.46
2602,2853.2
2603,2853.64
2604,2852.99
2605,2854
2606,2854.13
2607,2854.73
2608,2856.01
2609,2855.93
2610,2855.61
2611,2856.02
2612,2856.36
2613,2858.14
2614,2858.73
2615,2859.73
2616,2860.78
2617,2862.38
2618,2863.22
2619,2863.78
2620,2864.45
2621,2864.89
2622,2865.58
2623,2866.63
2624,2867.27
2625,2867.41
2626,2867.51
2627,2868.44
2628,2868.62
2629,2869.16
2630,2869.64
2631,2870.26
2632,2870.32
2633,2871.83
2634,2872.62
2635,2874.02
2636,2874.45
2637,2875.69
2638,2876.29
2639,2876.84
2640,2878.07
2641,2879.44
2642,2879.33
2643,2879.25
2644,2879.6
2645,2880.17
2646,2880.41
2647,2880.72
2648,2881.14
2649,2882.5
2650,2883.51
2651,2883.93
2652,2884.09
2653,2885.05
2654,2885.43
2655,2886.15
2656,2886.58
2657,2887.03
2658,2887.36
2659,2887.93
2660,2888.73
2661,2889.16
2662,2889.07
2663,2888.56
2664,2888.82
2665,2889.24
2666,2889.29
2667,2889.52
2668,2890.31
2669,2890.21
2670,2889.92
2671,2889.02
2672,2888.45
2673,2887.3
2674,2886.84
2675,2887.16
2676,2887.71
2677,2887.72
2678,2888.3
2679,2888.46
2680,2888.86
2681,2888.23
2682,2887.66
2683,2887.49
2684,2887.28
2685,2887.12
2686,2886.65
2687,2886.1
2688,2885.87
2689,2885.15
2690,2884.86
2691,2884.05
2692,2884.6
2693,2884.69
2694,2884.31
2695,2883.27
2696,2882.18
2697,2881.36
2698,2880.93
2699,2880.16
2700,2879.93
2701,2879.45
2702,2878.69
2703,2878.37
2704,2878.39
2705,2879.01
2706,2878.61
2707,2878.07
2708,2878.53
2709,2879.11
2710,2878.52
2711,2877.17
2712,2877.79
2713,2878.72
2714,2878.83
2715,2878.52
2716,2877.71
2717,2877.71
2718,2877.64
2719,2877.95
2720,2877.85
2721,2877.98
2722,2877.75
2723,2877.63
2724,2877.34
2725,2876.77
2726,2876.98
2727,2876.73
2728,2876
2729,2876.58
2730,2877.25
2731,2877.66
2732,2878.37
2733,2878.29
2734,2878.36
2735,2879.07
2736,2878.67
2737,2877.84
2738,2877.36
2739,2878.13
2740,2879.66
2741,2879.7
2742,2880.26
2743,2880.18
2744,2880.49
2745,2880.18
2746,2879.87
2747,2879.51
2748,2879.17
2749,2878.25
2750,2877.02
2751,2877.91
2752,2878.39
2753,2879.01
2754,2878.67
2755,2879.3
2756,2879.26
2757,2878.84
2758,2878.33
2759,2878.65
2760,2878.39
2761,2877.92
2762,2878.27
2763,2878.29
2764,2877.98
2765,2877.99
2766,2877.21
2767,2876.7
2768,2876.07
2769,2875.36
2770,2875.45
2771,2875.82
2772,2876
2773,2875.98
2774,2876.08
2775,2874.85
2776,2874.4
2777,2874.18
2778,2873.77
2779,2873.54
2780,2872.37
2781,2871.8
2782,2872.1
2783,2871.33
2784,2870.52
2785,2870.21
2786,2871.41
2787,2871.36
2788,2871.57
2789,2871.55
2790,2871.3
2791,2871.49
2792,2871.45
2793,2871.3
2794,2871.96
2795,2871.66
2796,2870.82
2797,2869.76
2798,2868.89
2799,2867.89
2800,2867.77
2801,2867
2802,2865.77
2803,2865.35
2804,2864.39
2805,2863.14
2806,2861.42
2807,2860.02
2808,2860.12
2809,2860.23
2810,2858.58
2811,2858.06
2812,2857.69
2813,2857.74
2814,2856.46
2815,2855.78
2816,2855.62
2817,2855.1
2818,2854.35
2819,2855.02
2820,2855.66
2821,2854.25
2822,2852.94
2823,2852.71
2824,2852.71
2825,2852.85
2826,2851.38
2827,2849.32
2828,2848.86
2829,2848.96
2830,2849.42
2831,2849.26
2832,2849.31
2833,2849.81
2834,2850.18
2835,2850.3
2836,2850.12
2837,2850.21
2838,2850.2
2839,2850.45
2840,2850.31
2841,2850.83
2842,2850.74
2843,2851.04
2844,2850.87
2845,2849.98
2846,2849.9
2847,2849.67
2848,2849.26
2849,2849.87
2850,2848.76
2851,2848.85
2852,2848.8
2853,2849.41
2854,2850.17
2855,2851.03
2856,2851.92
2857,2853.22
2858,2853.96
2859,2855.01
2860,2855.91
2861,2856.22
2862,2857.12
2863,2857.46
2864,2858.04
2865,2858.69
2866,2858.98
2867,2859.11
2868,2859.28
2869,2860.19
2870,2861.52
2871,2862.31
2872,2862.06
2873,2861.69
2874,2862.81
2875,2864.04
2876,2864.38
2877,2865.5
2878,2865.77
2879,2866.39
2880,2866.61
2881,2867.06
2882,2868.03
2883,2868.85
2884,2867.87
2885,2868.23
2886,2868.32
2887,2868.82
2888,2868.2
2889,2867.3
2890,2867.63
2891,2868.39
2892,2868.63
2893,2869.3
2894,2869.7
2895,2869.13
2896,2870.37
2897,2870.52
2898,2870.87
2899,2870.74
2900,2870.71
2901,2870.51
2902,2870.49
2903,2869.96
2904,2869
2905,2869.01
2906,2867.55
2907,2866.88
2908,2867.23
2909,2867.18
2910,2867.09
2911,2866.86
2912,2866.62
2913,2866.04
2914,2865.36
2915,2864.45
2916,2863.34
2917,2862.07
2918,2860.73
2919,2861.04
2920,2861.31
2921,2860.57
2922,2859.9
2923,2858.48
2924,2858.08
2925,2857.95
2926,2857.41
2927,2857.31
2928,2857.51
2929,2857.64
2930,2857.41
2931,2857.09
2932,2856.15
2933,2856.27
2934,2856.9
2935,2857.51
2936,2857.28
2937,2857.01
2938,2857.16
2939,2856.77
2940,2857.55
2941,2857.41
2942,2857.76
2943,2857.93
2944,2857.59
2945,2856.98
2946,2857.04
2947,2857.67
2948,2858.17
2949,2858.57
2950,2859.36
2951,2859.95
2952,2860.09
2953,2861.2
2954,2861.1
2955,2861.01
2956,2861.05
2957,2862.35
2958,2863
2959,2862.87
2960,2863.63
2961,2863.49
2962,2863.82
2963,2864.85
2964,2864.73
2965,2863.96
2966,2863.62
2967,2863
2968,2863.3
2969,2863.89
2970,2863.95
2971,2863.79
2972,2863.91
2973,2863.33
2974,2863.16
2975,2863.29
2976,2863.48
2977,2863.4
2978,2864.07
2979,2865.14
2980,2864.5
2981,2864.72
2982,2865.26
2983,2865.67
2984,2866.15
2985,2866.53
2986,2866.05
2987,2865.75
2988,2864.78
2989,2865.03
2990,2864.83
2991,2864.51
2992,2864.47
2993,2864.19
2994,2864.29
2995,2863.96
2996,2864.35
2997,2864.46
2998,2864.41
2999,2863.53
3000,2863.21
3001,2863.49
3002,2863.74
3003,2863.7
3004,2863.27
3005,2862.97
3006,2862.72
3007,2862.48
3008,2861.79
3009,2861.69
3010,2861.41
3011,2860.58
3012,2860.69
3013,2859.73
3014,2859.04
3015,2858
3016,2856.47
3017,2855.01
3018,2854.69
3019,2854.17
3020,2853.41
3021,2853.86
3022,2853.34
3023,2852.42
3024,2852.76
3025,2851.9
3026,2850.81
3027,2851.22
3028,2851.27
3029,2849.76
3030,2848.09
3031,2846.69
3032,2847.11
3033,2845.87
3034,2845.65
3035,2845.54
3036,2844.92
3037,2844.61
3038,2843.65
3039,2842.84
3040,2842.58
3041,2842.53
3042,2843
3043,2843.26
3044,2843.36
3045,2842.45
3046,2842.27
3047,2843.01
3048,2842.93
3049,2842.46
3050,2841.77
3051,2842.34
3052,2842.08
3053,2841.29
3054,2841.28
3055,2840.82
3056,2839.93
3057,2839.81
3058,2840.22
3059,2841.11
3060,2842.35
3061,2842.52
3062,2843.14
3063,2843.18
3064,2842.2
3065,2843.03
3066,2843.7
3067,2844
3068,2844.11
3069,2843.95
3070,2844.36
3071,2845.12
3072,2844.96
3073,2845.91
3074,2846.5
3075,2847.31
3076,2848.32
3077,2848.55
3078,2849.01
3079,2849.56
3080,2849.47
3081,2850.85
3082,2849.91
3083,2850.76
3084,2850.72
3085,2850.7
3086,2851.02
3087,2852.1
3088,2852.64
3089,2853.23
3090,2853.78
3091,2854.73
3092,2855.81
3093,2856.18
3094,2856.53
3095,2856.96
3096,2858.14
3097,2859
3098,2859.29
3099,2859.99
3100,2860.1
3101,2859.95
3102,2860.75
3103,2860.54
3104,2860.43
3105,2860.36
3106,2860.05
3107,2860.15
3108,2859.95
3109,2859.67
3110,2859.2
3111,2859.01
3112,2858.94
3113,2859.88
3114,2861.18
3115,2862.43
3116,2862.46
3117,2862.29
3118,2861.89
3119,2861.22
3120,2861.3
3121,2861.18
3122,2861.74
3123,2861.7
3124,2861.49
3125,2861.42
3126,2862.41
3127,2862.43
3128,2863.16
3129,2863.29
3130,2862.83
3131,2862.48
3132,2862.14
3133,2861.63
3134,2860.9
3135,2861.03
3136,2859.83
3137,2859.02
3138,2858.82
3139,2858.52
3140,2857.02
3141,2856.66
3142,2856.47
3143,2856
3144,2855.96
3145,2856.35
3146,2855.72
3147,2854.77
3148,2855.14
3149,2855.41
3150,2856.09
3151,2855.88
3152,2856.49
3153,2856.44
3154,2855.88
3155,2856.33
3156,2855.95
3157,2856.32
3158,2856.55
3159,2856.07
3160,2855.32
3161,2855.19
3162,2855.35
3163,2855.86
3164,2856.02
3165,2855.83
3166,2855.45
3167,2854.04
3168,2853.95
3169,2853.93
3170,2853.61
3171,2853.27
3172,2852.23
3173,2852.32
3174,2851.41
3175,2850.06
3176,2849.58
3177,2849.34
3178,2848.99
3179,2848.26
3180,2848.6
3181,2849.5
3182,2850.53
3183,2849.74
3184,2849.71
3185,2848.98
3186,2849.07
3187,2848.79
3188,2848.1
3189,2847.94
3190,2848.12
3191,2847.72
3192,2847.12
3193,2847.37
3194,2847.34
3195,2846.58
3196,2846.09
3197,2845.6
3198,2845.02
3199,2844.5
3200,2843.64
3201,2843.35
3202,2842.99
3203,2842.56
3204,2842.57
3205,2841.77
3206,2839.8
3207,2840.25
3208,2839.92
3209,2838.82
3210,2838.91
3211,2839.35
3212,2839.38
3213,2840.05
3214,2839.77
3215,2839.86
3216,2839.14
3217,2838.58
3218,2839.72
3219,2839.59
3220,2840.19
3221,2839.59
3222,2839.12
3223,2838.78
3224,2838.36
3225,2838.25
3226,2838.39
3227,2838.45
3228,2838.72
3229,2838.42
3230,2837.93
3231,2837.95
3232,2838.08
3233,2837.83
3234,2837.39
3235,2837.03
3236,2836.41
3237,2835.89
3238,2835.09
3239,2834.35
3240,2833.64
3241,2834.23
3242,2834.6
3243,2834.58
3244,2834.47
3245,2835.25
3246,2834.41
3247,2834.59
3248,2834.87
3249,2834.66
3250,2833.92
3251,2833.98
3252,2832.75
3253,2832.25
3254,2832.9
3255,2832.39
3256,2832.91
3257,2832.55
3258,2832.09
3259,2830.79
3260,2830.66
3261,2830.96
3262,2832.02
3263,2832.74
3264,2831.88
3265,2832.14
3266,2831.63
3267,2830.88
3268,2831.55
3269,2832.27
3270,2832.65
3271,2832.39
3272,2831.21
3273,2831.37
3274,2831.39
3275,2831.35
3276,2831.31
3277,2832.17
3278,2831.77
3279,2831.12
3280,2831.72
3281,2832.09
3282,2831.8
3283,2831.34
3284,2831.7
3285,2831.31
3286,2832.12
3287,2831.7
3288,2831.59
3289,2831.99
3290,2832.81
3291,2833.71
3292,2834.53
3293,2835.37
3294,2836.76
3295,2837.64
3296,2837.5
3297,2837.75
3298,2838.47
3299,2839.26
3300,2839.4
3301,2839.52
3302,2840.07
3303,2840.31
3304,2840.51
3305,2841.19
3306,2840.91
3307,2841.59
3308,2842.16
3309,2842.91
3310,2842.36
3311,2841.51
3312,2841.92
3313,2841.98
3314,2842.15
3315,2842.51
3316,2843.27
3317,2843.07
3318,2842.91
3319,2843.27
3320,2843.92
3321,2843.85
3322,2843.12
3323,2842.35
3324,2841.81
3325,2842.35
3326,2841.3
3327,2841.42
3328,2842.08
3329,2842.13
3330,2842.83
3331,2843.36
3332,2844.72
3333,2846.22
3334,2847.78
3335,2848.58
3336,2849.85
3337,2850.9
3338,2851.09
3339,2851.1
3340,2851.12
3341,2851.73
3342,2852.08
3343,2852.58
3344,2853.3
3345,2854.29
3346,2854.07
3347,2854.44
3348,2854.26
3349,2854.32
3350,2853.82
3351,2853.65
3352,2853.79
3353,2855.21
3354,2854.42
3355,2854.39
3356,2854.41
3357,2854.76
3358,2855.73
3359,2855.99
3360,2856.88
3361,2857.97
3362,2857.89
3363,2858.03
3364,2857.9
3365,2857.26
3366,2856.99
3367,2856.69
3368,2856.46
3369,2856.89
3370,2856.64
3371,2856.22
3372,2854.5
3373,2855.03
3374,2855.64
3375,2854.75
3376,2853.63
3377,2853.39
3378,2853.19
3379,2852.71
3380,2852.2
3381,2851.79
3382,2851.92
3383,2851.61
3384,2852.61
3385,2852.44
3386,2853.14
3387,2853.98
3388,2854.32
3389,2854.24
3390,2855.01
3391,2855.14
3392,2855.64
3393,2856.19
3394,2856.28
3395,2856.16
3396,2856.16
3397,2855.7
3398,2855.79
3399,2856.34
3400,2856.73
3401,2856.41
3402,2857.09
3403,2857.06
3404,2857.65
3405,2857.79
3406,2857.1
3407,2857.33
3408,2857.57
3409,2858.45
3410,2858.62
3411,2858.67
3412,2858.45
3413,2858.88
3414,2859.04
3415,2859.89
3416,2859.86
3417,2860.19
3418,2859.45
3419,2858.51
3420,2858.77
3421,2859.44
3422,2859.84
3423,2860.69
3424,2861.54
3425,2862.26
3426,2861.46
3427,2861.02
3428,2860.85
3429,2861.18
3430,2861.18
3431,2861.21
3432,2861.25
3433,2861.12
3434,2860.41
3435,2860.33
3436,2860.44
3437,2860.13
3438,2860
3439,2860.53
3440,2859.83
3441,2859.72
3442,2858.62
3443,2858.57
3444,2858.26
3445,2857.73
3446,2858.39
3447,2858.46
3448,2858.54
3449,2858.36
3450,2858.12
3451,2858.14
3452,2858.02
3453,2858.28
3454,2857.21
3455,2856.91
3456,2857.38
3457,2856.99
3458,2857.08
3459,2856.76
3460,2856.08
3461,2856.09
3462,2856.04
3463,2855.64
3464,2855.72
3465,2856.43
3466,2856.82
3467,2857.54
3468,2857.74
3469,2857.37
3470,2856.67
3471,2856.31
3472,2856.29
3473,2856.39
3474,2857.16
3475,2856.57
3476,2855.99
3477,2855.01
3478,2854.19
3479,2854.38
3480,2854.34
3481,2855.1
3482,2854.04
3483,2853.78
3484,2853.8
3485,2853.49
3486,2853.17
3487,2852.81
3488,2852.6
3489,2852.59
3490,2851.64
3491,2850.86
3492,2850.69
3493,2850.63
3494,2850.46
3495,2850.32
3496,2850.53
3497,2850.01
3498,2850.49
3499,2850.89
3500,2850.79
3501,2851.78
3502,2852.51
3503,2853.27
3504,2853.8
3505,2853.88
3506,2853.14
3507,2853.67
3508,2854.63
3509,2855.14
3510,2855.34
3511,2856
3512,2856.57
3513,2856.51
3514,2856.29
3515,2856.38
3516,2857.16
3517,2857.83
3518,2857.66
3519,2857.67
3520,2858.06
3521,2857.94
3522,2856.9
3523,2855.62
3524,2854.68
3525,2854.03
3526,2853.44
3527,2853.33
3528,2852.95
3529,2852.57
3530,2851.91
3531,2851.33
3532,2851.2
3533,2852.02
3534,2853.35
3535,2854.64
3536,2854.83
3537,2855.55
3538,2856.4
3539,2857.53
3540,2857.22
3541,2858.27
3542,2859.07
3543,2858.96
3544,2858.66
3545,2859.31
3546,2858.64
3547,2858.82
3548,2859.45
3549,2860.22
3550,2859.58
3551,2859.16
3552,2859.1
3553,2859.44
3554,2858.97
3555,2859.7
3556,2860.27
3557,2860.61
3558,2859.11
3559,2857.85
3560,2858.09
3561,2858.11
3562,2858.02
3563,2857.92
3564,2858.34
3565,2858.66
3566,2858.42
3567,2859.06
3568,2858.57
3569,2858.54
3570,2857.59
3571,2856.57
3572,2854.76
3573,2854.04
3574,2852.71
3575,2851.78
3576,2852.25
3577,2852.6
3578,2852.2
3579,2851.53
3580,2851.61
3581,2851.21
3582,2851.06
3583,2851.42
3584,2852.13
3585,2852.71
3586,2853.68
3587,2853.39
3588,2853.57
3589,2853.49
3590,2852.24
3591,2852.13
3592,2852.82
3593,2852.18
3594,2851.24
3595,2850.55
3596,2849.64
3597,2848.19
3598,2848.19
3599,2847.82
3600,2847.82
3601,2847.2
3602,2847.05
3603,2847.22
3604,2847.24
3605,2848.43
3606,2849.07
3607,2848.52
3608,2848.48
3609,2848.54
3610,2848.24
3611,2847.69
3612,2846.84
3613,2846.28
3614,2845.83
3615,2845.68
3616,2846.43
3617,2846.42
3618,2846.49
3619,2846.67
3620,2846.78
3621,2846.97
3622,2847.67
3623,2847.63
3624,2848.45
3625,2848.23
3626,2848.23
3627,2848.93
3628,2849.38
3629,2849.4
3630,2849.16
3631,2849.29
3632,2848.6
3633,2847.93
3634,2848.61
3635,2848.39
3636,2847.97
3637,2847.23
3638,2846.67
3639,2847.06
3640,2845.64
3641,2844.95
3642,2845.05
3643,2845.36
3644,2845.61
3645,2845.86
3646,2846.71
3647,2847.46
3648,2846.94
3649,2846.48
3650,2846.3
3651,2845.89
3652,2846.34
3653,2846.86
3654,2847.33
3655,2847.66
3656,2847.46
3657,2847.5
3658,2847.31
3659,2848.02
3660,2848.38
3661,2848.52
3662,2847.94
3663,2847.51
3664,2847.52
3665,2848.05
3666,2847.49
3667,2847.45
3668,2846.53
3669,2846.74
3670,2846.4
3671,2847.2
3672,2848.2
3673,2847.96
3674,2848.36
3675,2847.96
3676,2847.51
3677,2847.64
3678,2847.78
3679,2847.4
3680,2848.52
3681,2848.57
3682,2848.66
3683,2847.9
3684,2848.09
3685,2848.05
3686,2848.32
3687,2846.84
3688,2846.67
3689,2847.3
3690,2847.8
3691,2847.2
3692,2847.67
3693,2847.81
3694,2847.73
3695,2846.56
3696,2845.92
3697,2845.79
3698,2845.27
3699,2845.03
3700,2844.17
3701,2842.87
3702,2842.59
3703,2842.16
3704,2841.9
3705,2842.01
3706,2843.31
3707,2843.2
3708,2843.7
3709,2844.24
3710,2845.19
3711,2844.17
3712,2843.64
3713,2843.42
3714,2843.39
3715,2843.32
3716,2842.71
3717,2842.09
3718,2841.17
3719,2841.88
3720,2841.69
3721,2841.99
3722,2842.33
3723,2842.12
3724,2842.08
3725,2842.66
3726,2842.41
3727,2842.47
3728,2842.36
3729,2841.59
3730,2841.64
3731,2841.46
3732,2841.69
3733,2841.49
3734,2840.37
3735,2839.78
3736,2840.24
3737,2840.01
3738,2840.05
3739,2839.77
3740,2839.3
3741,2839.06
3742,2838.91
3743,2838.88
3744,2839.16
3745,2839.56
3746,2838.74
3747,2838.22
3748,2839.04
3749,2840.16
3750,2839.31
3751,2839.47
3752,2839.26
3753,2839.15
3754,2838.52
3755,2837.99
3756,2838.27
3757,2838.31
3758,2837.57
3759,2838.35
3760,2839.18
3761,2839.17
3762,2838.89
3763,2840.02
3764,2840.56
3765,2840.43
3766,2841
3767,2841.01
3768,2841.94
3769,2842.31
3770,2842.68
3771,2842.52
3772,2843.29
3773,2843.53
3774,2843.55
3775,2842.6
3776,2842.23
3777,2842.62
3778,2842.22
3779,2841.06
3780,2840.19
3781,2840.52
3782,2840.68
3783,2839.35
3784,2838.9
3785,2837.66
3786,2837.96
3787,2838.09
3788,2837.9
3789,2837.86
3790,2837.36
3791,2837.7
3792,2838.09
3793,2838.66
3794,2838.87
3795,2839.55
3796,2840.93
3797,2842.2
3798,2843.04
3799,2842.67
3800,2843.79
3801,2843.59
3802,2842.6
3803,2841.81
3804,2841.48
3805,2841.71
3806,2841.59
3807,2840.83
3808,2840.95
3809,2840.1
3810,2840.81
3811,2841.13
3812,2841.41
3813,2841.16
3814,2840.53
3815,2840.62
3816,2840.46
3817,2839.47
3818,2838.31
3819,2838.45
3820,2838.68
3821,2839.69
3822,2839.73
3823,2839.29
3824,2839.88
3825,2839.51
3826,2839.46
3827,2839.87
3828,2839.78
3829,2840.08
3830,2839.71
3831,2840.37
3832,2839.17
3833,2838.83
3834,2839.78
3835,2840.1
3836,2839.81
3837,2839.78
3838,2839.49
3839,2839.74
3840,2840.24
3841,2840.32
3842,2840.76
3843,2839.59
3844,2840.32
3845,2839.99
3846,2840.8
3847,2841.55
3848,2841.65
3849,2842.11
3850,2841.46
3851,2840.87
3852,2841.28
3853,2841.3
3854,2842.04
3855,2842.69
3856,2842.02
3857,2842.13
3858,2842.55
3859,2842.91
3860,2842.13
3861,2842.8
3862,2842.2
3863,2842.2
3864,2841.68
3865,2841.39
3866,2841.62
3867,2841.05
3868,2840.95
3869,2839.89
3870,2840.05
3871,2840.43
3872,2841.08
3873,2841.82
3874,2842.54
3875,2842.48
3876,2842.51
3877,2842.29
3878,2842.57
3879,2843.15
3880,2843.38
3881,2843.43
3882,2843.75
3883,2844.33
3884,2844.43
3885,2844.1
3886,2844.28
3887,2845.27
3888,2845.81
3889,2845.33
3890,2845.26
3891,2845.39
3892,2844.63
3893,2843.96
3894,2844.06
3895,2844.41
3896,2844.63
3897,2844.19
3898,2842.63
3899,2842.7
3900,2843.21
3901,2843.1
3902,2843.56
3903,2843.68
3904,2843.66
3905,2844.08
3906,2843.53
3907,2844.3
3908,2844.44
3909,2845.13
3910,2845.77
3911,2845.34
3912,2845.26
3913,2846.11
3914,2846.44
3915,2846.87
3916,2846.72
3917,2846.86
3918,2846.62
3919,2846.38
3920,2845.8
3921,2846.24
3922,2846.27
3923,2845.85
3924,2846.47
3925,2847.36
3926,2847.71
3927,2848.72
3928,2849.14
3929,2849.42
3930,2849.16
3931,2848.74
3932,2848.8
3933,2849.99
3934,2849.73
3935,2848.94
3936,2849.83
3937,2851.47
3938,2851.86
3939,2852.14
3940,2851.56
3941,2852.4
3942,2852.14
3943,2852.76
3944,2852.92
3945,2852.51
3946,2852.46
3947,2852.45
3948,2852.85
3949,2853.09
3950,2852.31
3951,2851.45
3952,2851.78
3953,2852.64
3954,2851.82
3955,2850.78
3956,2849.98
3957,2849.54
3958,2850.4
3959,2849.38
3960,2848.56
3961,2848.13
3962,2847.77
3963,2848.16
3964,2847.47
3965,2847.47
3966,2847.83
3967,2849.1
3968,2849.4
3969,2849.67
3970,2850.97
3971,2851.99
3972,2852.49
3973,2852.64
3974,2852.68
3975,2852.64
3976,2853.37
3977,2853.91
3978,2854.63
3979,2854.7
3980,2854.72
3981,2854.85
3982,2855.76
3983,2856.37
3984,2856.77
3985,2857
3986,2857.71
3987,2858.18
3988,2858.09
3989,2857.5
3990,2856.95
3991,2856.82
3992,2856.91
3993,2856.52
3994,2856.73
3995,2856.98
3996,2857.52
3997,2858.18
3998,2859.1
3999,2860.24
4000,2860.6
4001,2860.78
4002,2861.29
4003,2861.55
4004,2862.33
4005,2862.41
4006,2862.52
4007,2862.04
4008,2862.74
4009,2863.22
4010,2864
4011,2864.05
4012,2863.69
4013,2863.84
4014,2863.92
4015,2863.96
4016,2864.64
4017,2865.35
4018,2865.34
4019,2866.15
4020,2866.14
4021,2866.12
4022,2865.81
4023,2866.25
4024,2865.8
4025,2865.52
4026,2865.9
4027,2867.07
4028,2866.78
4029,2866.79
4030,2866.95
4031,2867.58
4032,2868.19
4033,2868.64
4034,2869.22
4035,2869.23
4036,2869.1
4037,2869.37
4038,2869.51
4039,2869.33
4040,2869.59
4041,2870.2
4042,2870.02
4043,2868.75
4044,2868.65
4045,2868.76
4046,2868.73
4047,2868.57
4048,2868.17
4049,2868.61
4050,2868.54
4051,2869.04
4052,2868.03
4053,2868.27
4054,2868.27
4055,2868.39
4056,2868.81
4057,2868.52
4058,2869.09
4059,2869.42
4060,2869.73
4061,2869.98
4062,2869.24
4063,2868.9
4064,2869.23
4065,2869.95
4066,2869.69
4067,2869.43
4068,2868.58
4069,2869.23
4070,2868.86
4071,2868.33
4072,2868.02
4073,2868.09
4074,2868.61
4075,2868.56
4076,2868.77
4077,2868.3
4078,2867.76
4079,2866.86
4080,2866.77
4081,2867.19
4082,2867.73
4083,2866.58
4084,2866.14
4085,2866.95
4086,2867.86
4087,2868.01
4088,2867.68
4089,2868.43
4090,2868.81
4091,2869.22
4092,2869.69
4093,2870.03
4094,2869.96
4095,2870.03
4096,2869.52
4097,2869.29
4098,2868.97
4099,2868.65
4100,2868.58
4101,2868.96
4102,2868.19
4103,2868.13
4104,2868.12
4105,2867.73
4106,2866.79
4107,2866.09
4108,2865.57
4109,2865.97
4110,2866.55
4111,2866.08
4112,2865.96
4113,2866.35
4114,2866.45
4115,2866.1
4116,2866.93
4117,2866.23
4118,2866.24
4119,2866.45
4120,2866.52
4121,2866.45
4122,2866.79
4123,2866.99
4124,2867.42
4125,2867.5
4126,2866.98
4127,2867.45
4128,2867.43
4129,2867.44
4130,2867.58
4131,2867.98
4132,2868.31
4133,2867.82
4134,2867.8
4135,2867.45
4136,2867.02
4137,2866.88
4138,2867.15
4139,2867.2
4140,2867.41
4141,2866.97
4142,2866.32
4143,2867.23
4144,2867.57
4145,2867.13
4146,2867.34
4147,2867.4
4148,2866.97
4149,2867.02
4150,2867.24
4151,2867.58
4152,2868.97
4153,2870.22
4154,2870.13
4155,2870.06
4156,2870.67
4157,2871.35
4158,2871.32
4159,2871.08
4160,2870.57
4161,2870.75
4162,2871.38
4163,2871.01
4164,2870.6
4165,2869.7
4166,2869.35
4167,2869.5
4168,2870.28
4169,2870.17
4170,2870.52
4171,2870.09
4172,2870.39
4173,2870.51
4174,2871.09
4175,2870.86
4176,2870.13
4177,2870.25
4178,2870.69
4179,2871.86
4180,2873.33
4181,2872.98
4182,2872.99
4183,2873.06
4184,2873.46
4185,2873.56
4186,2874.45
4187,2874.13
4188,2873.95
4189,2874.69
4190,2875.26
4191,2875.42
4192,2875.57
4193,2875.8
4194,2875.33
4195,2875.49
4196,2875.12
4197,2875.05
4198,2874.74
4199,2874.83
4200,2874.7
4201,2874.93
4202,2875.09
4203,2875.76
4204,2876.65
4205,2877.14
4206,2877.78
4207,2878.59
4208,2878.93
4209,2878.32
4210,2877.84
4211,2877.89
4212,2878.2
4213,2878.59
4214,2878.45
4215,2878.29
4216,2878.7
4217,2878.22
4218,2877.87
4219,2878.53
4220,2878.54
4221,2879.31
4222,2879.26
4223,2878.62
4224,2877.81
4225,2877.89
4226,2877.93
4227,2878.57
4228,2878.23
4229,2877.57
4230,2876.84
4231,2877.16
4232,2876.6
4233,2877.25
4234,2876.93
4235,2877.01
4236,2876.19
4237,2876.19
4238,2877
4239,2876.81
4240,2877.04
4241,2877.32
4242,2877.09
4243,2876.91
4244,2876.51
4245,2876.11
4246,2875.94
4247,2876.12
4248,2876.16
4249,2875.94
4250,2875.96
4251,2875.61
4252,2876.01
4253,2875.49
4254,2874.35
4255,2873.75
4256,2873.45
4257,2873.08
4258,2872.28
4259,2872.46
4260,2873
4261,2872.54
4262,2871.57
4263,2871.79
4264,2872.15
4265,2872.13
4266,2872.4
4267,2871.98
4268,2872.28
4269,2872.39
4270,2871.91
4271,2872.38
4272,2872.36
4273,2872.29
4274,2872.17
4275,2871.26
4276,2870.47
4277,2870.59
4278,2871.51
4279,2872.68
4280,2872.34
4281,2871.84
4282,2871.54
4283,2871.14
4284,2871.09
4285,2870.71
4286,2871.01
4287,2870.11
4288,2869.62
4289,2868.82
4290,2869.36
4291,2869.73
4292,2869.66
4293,2868.55
4294,2868.07
4295,2868.21
4296,2868.7
4297,2868.24
4298,2867.68
4299,2868.31
4300,2868.82
4301,2868.71
4302,2868.55
4303,2868.89
4304,2868.7
4305,2868.94
4306,2868.85
4307,2868.3
4308,2868.54
4309,2869.01
4310,2868.66
4311,2868.52
4312,2868.79
4313,2868.28
4314,2868.3
4315,2867.01
4316,2866.81
4317,2867.6
4318,2867.79
4319,2868.12
4320,2868.18
4321,2867.44
4322,2867.15
4323,2867.7
4324,2867.39
4325,2867.31
4326,2867.38
4327,2867.42
4328,2867.59
4329,2867.87
4330,2868.03
4331,2867.61
4332,2868.73
4333,2868.94
4334,2869.21
4335,2869.12
4336,2869.6
4337,2869.9
4338,2870.49
4339,2870.69
4340,2870.91
4341,2870.72
4342,2871.63
4343,2871.2
4344,2870.78
4345,2870.61
4346,2871.27
4347,2871.54
4348,2870.85
4349,2870.68
4350,2870.92
4351,2870.5
4352,2870.56
4353,2870.31
4354,2870.26
4355,2870.44
4356,2870.26
4357,2870.41
4358,2870.71
4359,2871.44
4360,2871.65
4361,2871.69
4362,2871.98
4363,2872.27
4364,2872.2
4365,2873.56
4366,2873.32
4367,2872.6
4368,2872.74
4369,2871.3
4370,2870.53
4371,2870.46
4372,2869.59
4373,2869.45
4374,2869.14
4375,2868.02
4376,2867.91
4377,2867.6
4378,2867.39
4379,2867.11
4380,2867.19
4381,2866.56
4382,2865.58
4383,2865.35
4384,2865.27
4385,2864.79
4386,2864.08
4387,2863.86
4388,2863.78
4389,2863.76
4390,2862.79
4391,2863.5
4392,2863.53
4393,2862.87
4394,2862.74
4395,2862.23
4396,2862.74
4397,2863.26
4398,2863.27
4399,2863.06
4400,2862.52
4401,2862.37
4402,2861.98
4403,2862.94
4404,2863.27
4405,2863.29
4406,2862.88
4407,2863.12
4408,2863.96
4409,2864.11
4410,2864.72
4411,2865.04
4412,2865.17
4413,2865.77
4414,2866.7
4415,2867.65
4416,2868.65
4417,2869.3
4418,2869.82
4419,2870.94
4420,2871.63
4421,2872.15
4422,2872.61
4423,2872.71
4424,2873.28
4425,2873.63
4426,2873.84
4427,2874.29
4428,2873.37
4429,2873.94
4430,2873.81
4431,2873.43
4432,2873.58
4433,2872.91
4434,2872.55
4435,2872.42
4436,2872.83
4437,2872.74
4438,2872.03
4439,2871.53
4440,2871.63
4441,2872.04
4442,2871.4
4443,2870.69
4444,2871.09
4445,2871.25
4446,2871.38
4447,2870.71
4448,2871.26
4449,2870.91
4450,2871.09
4451,2870.62
4452,2870.55
4453,2870.83
4454,2870.24
4455,2870.05
4456,2870.03
4457,2870.52
4458,2870.55
4459,2870.36
4460,2870.3
4461,2869.8
4462,2869.09
4463,2869.47
4464,2870.11
4465,2869.89
4466,2870.61
4467,2870.81
4468,2870.74
4469,2870.63
4470,2871.17
4471,2870.77
4472,2870.16
4473,2870.48
4474,2870.44
4475,2870.11
4476,2870.43
4477,2870.96
4478,2870.05
4479,2869.43
4480,2869.97
4481,2869.66
4482,2868.89
4483,2868.87
4484,2868.61
4485,2867.49
4486,2867.06
4487,2866.06
4488,2865.57
4489,2865.83
4490,2865.49
4491,2865.13
4492,2865.15
4493,2866.1
4494,2865.64
4495,2865.38
4496,2865.2
4497,2865.52
4498,2865.75
4499,2866.39
4500,2866.76
4501,2866.34
4502,2866.14
4503,2865.92
4504,2866.14
4505,2866.22
4506,2865.94
4507,2866.38
4508,2866.2
4509,2866.28
4510,2866.06
4511,2865.99
4512,2866.19
4513,2865.99
4514,2866.63
4515,2867.9
4516,2868.74
4517,2868.98
4518,2869.89
4519,2870.65
4520,2871.76
4521,2873.61
4522,2875.1
4523,2875.46
4524,2875.23
4525,2875.87
4526,2876.82
4527,2878.07
4528,2877.74
4529,2877.78
4530,2877.99
4531,2878.37
4532,2878.81
4533,2880.36
4534,2880.12
4535,2880.8
4536,2881.62
4537,2881.62
4538,2882.26
4539,2881.84
4540,2882.7
4541,2883.82
4542,2884.22
4543,2884.72
4544,2884.61
4545,2884.37
4546,2884.62
4547,2884.63
4548,2884.61
4549,2883.91
4550,2882.95
4551,2882.31
4552,2881.66
4553,2881.5
4554,2882.14
4555,2882.19
4556,2881.6
4557,2880.89
4558,2880.99
4559,2881.43
4560,2881.56
4561,2880.03
4562,2880.05
4563,2879.5
4564,2879.56
4565,2878.39
4566,2878.15
4567,2878.04
4568,2876.81
4569,2875.55
4570,2874.77
4571,2874.4
4572,2874.43
4573,2873.45
4574,2872.94
4575,2873.26
4576,2873.42
4577,2872.2
4578,2871.61
4579,2870.87
4580,2870.27
4581,2870.16
4582,2870.36
4583,2870.1
4584,2870.02
4585,2869.09
4586,2867.58
4587,2867.96
4588,2867.71
4589,2867.74
4590,2866.93
4591,2867.17
4592,2867.17
4593,2867.15
4594,2867
4595,2866.8
4596,2866.19
4597,2866.01
4598,2865.43
4599,2864.76
4600,2864.44
4601,2864.94
4602,2865.29
4603,2865.02
4604,2865.34
4605,2865.95
4606,2865.6
4607,2865.37
4608,2866.11
4609,2865.84
4610,2865.78
4611,2865.93
4612,2865.68
4613,2865.81
4614,2865.56
4615,2865.43
4616,2865.77
4617,2866.19
4618,2867.14
4619,2867.32
4620,2867.16
4621,2867.17
4622,2867.11
4623,2867.62
4624,2868.54
4625,2868.75
4626,2868.97
4627,2869.04
4628,2869.78
4629,2870.04
4630,2870.04
4631,2871.27
4632,2871.41
4633,2871.47
4634,2871.11
4635,2870.2
4636,2870.21
4637,2870.91
4638,2871.22
4639,2871.84
4640,2871.87
4641,2871.62
4642,2871.71
4643,2871.95
4644,2871.36
4645,2871.22
4646,2870.6
4647,2870.41
4648,2870.24
4649,2869.64
4650,2869.56
4651,2870.57
4652,2871.25
4653,2871.03
4654,2871.61
4655,2872.22
4656,2872.42
4657,2872.02
4658,2871.58
4659,2870.95
4660,2870.88
4661,2870.27
4662,2869.62
4663,2868.08
4664,2867.63
4665,2867.7
4666,2866.72
4667,2866.18
4668,2866.47
4669,2866.36
4670,2866.21
4671,2865.74
4672,2866.1
4673,2866.58
4674,2867.26
4675,2866.91
4676,2866.83
4677,2867.6
4678,2867.62
4679,2867.25
4680,2867.8
4681,2867.4
4682,2867.23
4683,2867.22
4684,2867.02
4685,2866.96
4686,2866.78
4687,2867.31
4688,2867.47
4689,2867.75
4690,2867.44
4691,2867.57
4692,2867.62
4693,2867.2
4694,2867.98
4695,2869.31
4696,2869.71
4697,2869.43
4698,2869.28
4699,2869.34
4700,2869.39
4701,2869.85
4702,2869.23
4703,2869.02
4704,2869.87
4705,2870.25
4706,2870.42
4707,2870.39
4708,2870.64
4709,2871.2
4710,2871.99
4711,2872.55
4712,2873.2
4713,2872.64
4714,2872.39
4715,2872.72
4716,2873.07
4717,2873.14
4718,2874.16
4719,2874.37
4720,2874.73
4721,2874.24
4722,2873.73
4723,2873.77
4724,2873.71
4725,2872.99
4726,2873.28
4727,2873.84
4728,2872.93
4729,2873.07
4730,2873.58
4731,2874.28
4732,2874.89
4733,2875.33
4734,2876.04
4735,2876.58
4736,2876.34
4737,2876.35
4738,2876.72
4739,2877.58
4740,2877.86
4741,2876.92
4742,2876.36
4743,2876.64
4744,2876.91
4745,2876.92
4746,2877.23
4747,2876.31
4748,2875.53
4749,2876.11
4750,2876.18
4751,2876.91
4752,2877.37
4753,2877.46
4754,2877.76
4755,2877.86
4756,2877.82
4757,2878.09
4758,2877.49
4759,2878.04
4760,2878.22
4761,2878.91
4762,2878.87
4763,2878.94
4764,2878.79
4765,2878.51
4766,2878.15
4767,2878.13
4768,2878.4
4769,2878.54
4770,2878.02
4771,2877.94
4772,2878.02
4773,2877.66
4774,2877.98
4775,2878.84
4776,2878.41
4777,2877.57
4778,2877.31
4779,2877.38
4780,2877.27
4781,2876.98
4782,2876.85
4783,2876.16
4784,2876.17
4785,2876.09
4786,2876.12
4787,2876.42
4788,2876.18
4789,2876.08
4790,2875.6
4791,2875.4
4792,2875.11
4793,2874.95
4794,2875.25
4795,2875.11
4796,2874.13
4797,2873.81
4798,2873.62
4799,2873.76
4800,2873.94
4801,2873.74
4802,2873.38
4803,2873.13
4804,2873.52
4805,2873.15
4806,2873.6
4807,2873.43
4808,2873.45
4809,2873.57
4810,2873.96
4811,2873.2
4812,2871.84
4813,2871.1
4814,2869.89
4815,2869.46
4816,2868.82
4817,2868.69
4818,2867.99
4819,2867
4820,2866.59
4821,2866.16
4822,2866.68
4823,2866.43
4824,2866.2
4825,2866.45
4826,2865.83
4827,2865.05
4828,2864.99
4829,2865.24
4830,2865.6
4831,2865.92
4832,2865.03
4833,2864.84
4834,2864.99
4835,2864.97
4836,2864.99
4837,2864.95
4838,2863.68
4839,2863.79
4840,2862.66
4841,2863
4842,2862.27
4843,2861.99
4844,2861.6
4845,2860.78
4846,2860.64
4847,2860.16
4848,2859.56
4849,2859.35
4850,2859.38
4851,2859.98
4852,2859.05
4853,2858.49
4854,2858.11
4855,2858.35
4856,2858.26
4857,2858.05
4858,2858.13
4859,2859.15
4860,2859.1
4861,2859.93
4862,2860.62
4863,2860.09
4864,2860.26
4865,2859.84
4866,2860.05
4867,2859.92
4868,2859.29
4869,2859.01
4870,2859.35
4871,2860.43
4872,2860.39
4873,2861.63
4874,2862.27
4875,2861.98
4876,2861.13
4877,2861.43
4878,2861.21
4879,2859.94
4880,2859.54
4881,2860.24
4882,2859.9
4883,2860.22
4884,2860.59
4885,2861.23
4886,2862.08
4887,2862.76
4888,2863.43
4889,2864.4
4890,2864.92
4891,2864.9
4892,2865.83
4893,2866.19
4894,2866.53
4895,2866.63
4896,2866.34
4897,2866.27
4898,2865.41
4899,2864.24
4900,2864.04
4901,2863.37
4902,2862.18
4903,2862.1
4904,2861.92
4905,2861.37
4906,2861.61
4907,2862.06
4908,2862.61
4909,2861.8
4910,2861.2
4911,2861.01
4912,2861.06
4913,2859.57
4914,2858.42
4915,2858.81
4916,2858.07
4917,2857.57
4918,2856.77
4919,2857.24
4920,2856.26
4921,2855.63
4922,2855.93
4923,2856.64
4924,2856.04
4925,2855.98
4926,2856.76
4927,2856.87
4928,2855.86
4929,2854.82
4930,2854.43
4931,2854.8
4932,2854.93
4933,2855.31
4934,2855.14
4935,2854.92
4936,2854.91
4937,2855.27
4938,2855.36
4939,2855.37
4940,2855.07
4941,2854.46
4942,2853.99
4943,2853.73
4944,2854.08
4945,2854.04
4946,2853.93
4947,2853.45
4948,2853.51
4949,2853.42
4950,2853.97
4951,2854.22
4952,2853.93
4953,2854
4954,2854.96
4955,2855.12
4956,2854.67
4957,2854.49
4958,2853.57
4959,2853.92
4960,2853.53
4961,2853.85
4962,2853.1
4963,2853.06
4964,2852.87
4965,2853.06
4966,2852.67
4967,2851.74
4968,2851.46
4969,2851.51
4970,2851.71
4971,2852.13
4972,2852.31
4973,2851.57
4974,2850.87
4975,2851.23
4976,2851.14
4977,2851.53
4978,2851.51
4979,2851.66
4980,2850.44
4981,2850.03
4982,2850.35
4983,2850.77
4984,2850.51
4985,2850.63
4986,2850.63
4987,2850.87
4988,2850.97
4989,2851.21
4990,2850.91
4991,2850.19
4992,2850.06
4993,2849.85
4994,2849.41
4995,2848.08
4996,2846.84
4997,2846.87
4998,2846.75
4999,2846.77
5000,2846.92
5001,2846.42
5002,2845.08
5003,2845.4
5004,2845.88
5005,2845.07
5006,2844.38
5007,2844.72
5008,2845.31
5009,2845.21
5010,2845.57
5011,2845.88
5012,2846.42
5013,2846.83
5014,2846.1
5015,2846.14
5016,2846.05
5017,2845.91
5018,2844.88
5019,2844.96
5020,2845.71
5021,2845.61
5022,2844.73
5023,2843.96
5024,2843.84
5025,2844.72
5026,2844.29
5027,2844.35
5028,2845.17
5029,2845.66
5030,2844.89
5031,2844.95
5032,2846.27
5033,2845.58
5034,2845.07
5035,2846.01
5036,2847.03
5037,2846.63
5038,2846.73
5039,2846.41
5040,2846.8
5041,2847.52
5042,2846.95
5043,2846.89
5044,2846.55
5045,2846.06
5046,2846.37
5047,2845.77
5048,2844.33
5049,2843.6
5050,2843.43
5051,2842.59
5052,2842.22
5053,2841.84
5054,2841.63
5055,2841.15
5056,2840.08
5057,2840.08
5058,2840.41
5059,2839.15
5060,2838.88
5061,2838.42
5062,2838.88
5063,2839.19
5064,2839.08
5065,2838.86
5066,2839.83
5067,2841.39
5068,2842.14
5069,2842.57
5070,2842.97
5071,2842.57
5072,2842.95
5073,2842.41
5074,2841.61
5075,2842.59
5076,2843.12
5077,2844.08
5078,2844.28
5079,2844.86
5080,2844.84
5081,2845.35
5082,2846.32
5083,2846.77
5084,2848.07
5085,2848.83
5086,2849.81
5087,2851.1
5088,2851.72
5089,2852.33
5090,2851.53
5091,2852.33
5092,2852.54
5093,2853.8
5094,2853.47
5095,2853.2
5096,2853.85
5097,2854.29
5098,2854.77
5099,2854.66
5100,2854.31
5101,2854.07
5102,2854.54
5103,2855.24
5104,2856.21
5105,2856.63
5106,2857.19
5107,2858
5108,2858.34
5109,2858.49
5110,2857.62
5111,2857.45
5112,2857.5
5113,2857.95
5114,2858.32
5115,2858.28
5116,2857.87
5117,2857.79
5118,2858.99
5119,2859.44
5120,2859.54
5121,2859.38
5122,2858.75
5123,2858.54
5124,2858.43
5125,2858.8
5126,2858.39
5127,2857.84
5128,2857.54
5129,2856.91
5130,2857.13
5131,2856.75
5132,2857.2
5133,2856.74
5134,2856.69
5135,2856.91
5136,2856.84
5137,2856.77
5138,2856.66
5139,2857.51
5140,2857.22
5141,2857.12
5142,2857.14
5143,2856.59
5144,2856.22
5145,2855.87
5146,2855.05
5147,2854.04
5148,2853.09
5149,2853.56
5150,2852.31
5151,2851.62
5152,2851.49
5153,2850.89
5154,2849.91
5155,2849.19
5156,2849.17
5157,2848.86
5158,2848.08
5159,2846.77
5160,2846.71
5161,2847.47
5162,2846.58
5163,2845.48
5164,2844.74
5165,2844.25
5166,2844.39
5167,2844.23
5168,2844.07
5169,2842.95
5170,2842.91
5171,2842.77
5172,2842.09
5173,2841.5
5174,2841.18
5175,2839.59
5176,2838.7
5177,2838.64
5178,2837.89
5179,2837.36
5180,2836.07
5181,2835.94
5182,2835.76
5183,2834.64
5184,2834.05
5185,2833.58
5186,2833.08
5187,2832.65
5188,2832.21
5189,2830.94
5190,2830.52
5191,2830.1
5192,2829.35
5193,2828.76
5194,2828
5195,2827.08
5196,2827.57
5197,2827.02
5198,2827.87
5199,2827.5
5200,2827.94
5201,2827.89
5202,2828.11
5203,2828.46
5204,2828.58
5205,2829.53
5206,2830.05
5207,2830.84
5208,2831.27
5209,2831.04
5210,2831.26
5211,2832.24
5212,2831.7
5213,2830.91
5214,2829.82
5215,2830.45
5216,2830
5217,2830.43
5218,2830.9
5219,2831.67
5220,2831.02
5221,2831.41
5222,2831.63
5223,2832.77
5224,2833.69
5225,2834.68
5226,2835.46
5227,2835.99
5228,2836.4
5229,2835.73
5230,2837.06
5231,2836.73
5232,2835.83
5233,2834.66
5234,2833.27
5235,2832.95
5236,2833.06
5237,2833.44
5238,2832.18
5239,2831.57
5240,2831.05
5241,2829.97
5242,2830.05
5243,2829.94
5244,2828.71
5245,2828.29
5246,2827.04
5247,2826.23
5248,2824.2
5249,2822.07
5250,2821.62
5251,2820.82
5252,2819.9
5253,2818.89
5254,2817.87
5255,2817.77
5256,2817.5
5257,2817.33
5258,2816.48
5259,2816.45
5260,2815.56
5261,2815.8
5262,2815.79
5263,2815.66
5264,2815.54
5265,2814.58
5266,2814.43
5267,2815.3
5268,2814.3
5269,2814.09
5270,2813.43
5271,2812.33
5272,2811.48
5273,2811.37
5274,2811.82
5275,2812.15
5276,2810.5
5277,2810.57
5278,2810.26
5279,2810
5280,2809.78
5281,2809.64
5282,2810.62
5283,2811.41
5284,2811.37
5285,2810.56
5286,2810.68
5287,2809.03
5288,2809.01
5289,2810.76
5290,2812.58
5291,2811.5
5292,2810.92
5293,2811.67
5294,2813.06
5295,2812.53
5296,2813.78
5297,2815.22
5298,2815.47
5299,2815.9
5300,2815.29
5301,2816.15
5302,2816.72
5303,2816.34
5304,2816.23
5305,2816.97
5306,2817.95
5307,2817.81
5308,2818.34
5309,2818.71
5310,2819.07
5311,2819.03
5312,2819.03
5313,2818.98
5314,2819.25
5315,2819.49
5316,2820.11
5317,2821.45
5318,2822.22
5319,2822.35
5320,2823.2
5321,2824.11
5322,2824.7
5323,2825.15
5324,2826.07
5325,2826.99
5326,2827.79
5327,2828.05
5328,2829
5329,2828.63
5330,2828.45
5331,2828.7
5332,2829.63
5333,2830.25
5334,2829.76
5335,2829.32
5336,2829.56
5337,2829.68
5338,2829.33
5339,2829.46
5340,2830.17
5341,2830.04
5342,2829.15
5343,2829.29
5344,2829.41
5345,2829.65
5346,2829.13
5347,2829.54
5348,2830.57
5349,2830.14
5350,2829.37
5351,2828.87
5352,2828.97
5353,2829.01
5354,2828.17
5355,2827.14
5356,2826.7
5357,2827.3
5358,2827.08
5359,2826.57
5360,2826.24
5361,2824.88
5362,2824.29
5363,2824.65
5364,2824.74
5365,2824.95
5366,2825.18
5367,2825.52
5368,2825.12
5369,2824.78
5370,2824.82
5371,2824.88
5372,2824.55
5373,2824.5
5374,2823.97
5375,2825.3
5376,2825.4
5377,2825.32
5378,2825.78
5379,2825.87
5380,2826.37
5381,2826.86
5382,2826.04
5383,2826.61
5384,2826.88
5385,2826.49
5386,2826.68
5387,2826.03
5388,2825.36
5389,2824.38
5390,2824.09
5391,2824.04
5392,2822.69
5393,2821.95
5394,2821.68
5395,2822.21
5396,2823.03
5397,2821.62
5398,2820.86
5399,2820.38
5400,2820.29
5401,2821.08
5402,2821.69
5403,2821.48
5404,2820.71
5405,2820.66
5406,2820.9
5407,2821.39
5408,2820.3
5409,2820.64
5410,2820.23
5411,2820.6
5412,2820.16
5413,2821.39
5414,2822.42
5415,2822.57
5416,2823.05
5417,2823.54
5418,2824.25
5419,2824.09
5420,2824.41
5421,2825.06
5422,2825.36
5423,2825.72
5424,2826.51
5425,2827.52
5426,2827.41
5427,2828.65
5428,2829.38
5429,2829.86
5430,2829.86
5431,2830.44
5432,2831.49
5433,2832.29
5434,2832.01
5435,2832.38
5436,2832.6
5437,2833.3
5438,2834.23
5439,2834.71
5440,2835.38
5441,2835.64
5442,2836.2
5443,2836.58
5444,2836.91
5445,2837.88
5446,2837.75
5447,2837.03
5448,2836.36
5449,2836.35
5450,2836.4
5451,2836.67
5452,2836.29
5453,2835.98
5454,2835.05
5455,2834.28
5456,2834.03
5457,2834.11
5458,2833.66
5459,2833.59
5460,2833.33
5461,2833.47
5462,2833.78
5463,2834.27
5464,2834.49
5465,2834.5
5466,2834.58
5467,2835.25
5468,2834.49
5469,2834.45
5470,2835.19
5471,2835.87
5472,2837.17
5473,2835.98
5474,2834.82
5475,2834.85
5476,2834.13
5477,2833.75
5478,2834.66
5479,2833.71
5480,2834.21
5481,2834.58
5482,2833.88
5483,2834.24
5484,2833.65
5485,2833.03
5486,2833.71
5487,2833.76
5488,2834.51
5489,2834.51
5490,2832.91
5491,2832.63
5492,2832.57
5493,2832.75
5494,2833.43
5495,2832.19
5496,2831.08
5497,2829.98
5498,2830.02
5499,2829.83
5500,2828.49
5501,2827.14
5502,2825.89
5503,2825.25
5504,2824.83
5505,2824.45
5506,2823.95
5507,2824.38
5508,2823.92
5509,2823.36
5510,2822.97
5511,2823.07
5512,2823.59
5513,2822.67
5514,2822.12
5515,2822.02
5516,2822.13
5517,2821.93
5518,2821.34
5519,2820.26
5520,2819.88
5521,2819.75
5522,2819.48
5523,2818.51
5524,2817.49
5525,2817.7
5526,2818.59
5527,2818.61
5528,2818.35
5529,2819.08
5530,2820.95
5531,2821.07
5532,2821.59
5533,2822.74
5534,2823.04
5535,2823.2
5536,2823.3
5537,2822.69
5538,2823.08
5539,2823.82
5540,2822.6
5541,2822.43
5542,2822.83
5543,2823.3
5544,2822.56
5545,2823.47
5546,2824.57
5547,2826.01
5548,2825.71
5549,2826.47
5550,2826.87
5551,2827.14
5552,2828.39
5553,2829.3
5554,2829.65
5555,2830.3
5556,2830.76
5557,2831.32
5558,2832.33
5559,2832.71
5560,2833.32
5561,2833.67
5562,2834.01
5563,2833.84
5564,2834.31
5565,2834.91
5566,2834.62
5567,2834.55
5568,2834.9
5569,2835.32
5570,2836.67
5571,2838.1
5572,2838.24
5573,2838.12
5574,2838.15
5575,2838.53
5576,2838.62
5577,2838.39
5578,2838.73
5579,2838.91
5580,2838.85
5581,2838.38
5582,2838.49
5583,2838.75
5584,2839.33
5585,2839.44
5586,2838.37
5587,2838.29
5588,2838.73
5589,2837.47
5590,2837.18
5591,2836.7
5592,2836.64
5593,2836.79
5594,2837.2
5595,2836.93
5596,2836.2
5597,2836.29
5598,2837.02
5599,2837.45
5600,2836.88
5601,2836.59
5602,2836.64
5603,2837.39
5604,2836.58
5605,2835.49
5606,2834.66
5607,2834.17
5608,2832.37
5609,2831.95
5610,2832.16
5611,2830.95
5612,2829.45
5613,2828.72
5614,2827.4
5615,2826.23
5616,2826
5617,2825.33
5618,2825.54
5619,2824.48
5620,2823.04
5621,2823.06
5622,2822.39
5623,2820.63
5624,2819.28
5625,2818.24
5626,2817.42
5627,2817.68
5628,2816.19
5629,2814.34
5630,2812.87
5631,2812.35
5632,2811.12
5633,2811.04
5634,2810.98
5635,2810.65
5636,2809.92
5637,2809.89
5638,2810.57
5639,2811.43
5640,2811.37
5641,2811.92
5642,2811.86
5643,2812
5644,2812.24
5645,2812.16
5646,2812.35
5647,2812.18
5648,2812.77
5649,2813.47
5650,2813.92
5651,2815.03
5652,2815.14
5653,2814.99
5654,2814.64
5655,2815.42
5656,2815.85
5657,2814.53
5658,2813.42
5659,2813.06
5660,2813.75
5661,2813.03
5662,2813.71
5663,2813.44
5664,2812.88
5665,2813.34
5666,2814.14
5667,2814.69
5668,2815.11
5669,2814.11
5670,2814.14
5671,2814.46
5672,2815.17
5673,2815.05
5674,2814.11
5675,2814.5
5676,2813.9
5677,2814.63
5678,2814.47
5679,2813.65
5680,2813.55
5681,2813.44
5682,2813.86
5683,2813.54
5684,2813.59
5685,2813.9
5686,2813.36
5687,2815
5688,2814.12
5689,2813.68
5690,2813.37
5691,2813.15
5692,2813.71
5693,2813.29
5694,2812.83
5695,2811.72
5696,2811.3
5697,2809.76
5698,2809.15
5699,2807.54
5700,2807.75
5701,2807.36
5702,2807.09
5703,2806.25
5704,2807.2
5705,2806.65
5706,2806.61
5707,2805.64
5708,2805.65
5709,2804.91
5710,2804
5711,2804.5
5712,2804.11
5713,2803.49
5714,2803.04
5715,2802.71
5716,2802.15
5717,2802.76
5718,2802.3
5719,2802.89
5720,2803.19
5721,2803.08
5722,2802.42
5723,2801.88
5724,2800.93
5725,2801.87
5726,2800.83
5727,2799.55
5728,2798.59
5729,2797.45
5730,2797.64
5731,2796.46
5732,2796.28
5733,2795.98
5734,2795.79
5735,2796.16
5736,2795.78
5737,2795.78
5738,2796.11
5739,2796.19
5740,2796.06
5741,2796.29
5742,2796.31
5743,2797.17
5744,2797.33
5745,2797.28
5746,2797.73
5747,2798.63
5748,2799.73
5749,2800.82
5750,2801.23
5751,2801.94
5752,2801.95
5753,2802.93
5754,2804.53
5755,2805.93
5756,2806.89
5757,2809.06
5758,2809.58
5759,2809.76
5760,2809.21
5761,2809.62
5762,2808.69
5763,2808.85
5764,2809.12
5765,2809.41
5766,2809.58
5767,2809.41
5768,2810.49
5769,2811.15
5770,2812.4
5771,2812.98
5772,2813.43
5773,2813.2
5774,2814.12
5775,2814.47
5776,2815.37
5777,2816.06
5778,2816.74
5779,2817
5780,2816.56
5781,2816.56
5782,2816.98
5783,2817.96
5784,2817.09
5785,2817.24
5786,2817.6
5787,2817.95
5788,2818.12
5789,2818.19
5790,2818.34
5791,2818.92
5792,2819.7
5793,2820.16
5794,2821.39
5795,2822.3
5796,2823.35
5797,2823.9
5798,2824.73
5799,2824.85
5800,2824.29
5801,2822.84
5802,2822.74
5803,2822.58
5804,2822.07
5805,2821.07
5806,2820.92
5807,2820.39
5808,2820.53
5809,2819.51
5810,2818.57
5811,2818.07
5812,2817.86
5813,2817.97
5814,2817.83
5815,2817.32
5816,2817.38
5817,2817.39
5818,2817.46
5819,2816.99
5820,2817.76
5821,2818.68
5822,2819.75
5823,2820.03
5824,2820.1
5825,2820.2
5826,2820.79
5827,2820.29
5828,2819.84
5829,2820.38
5830,2820.58
5831,2819.99
5832,2819.48
5833,2819.89
5834,2820.75
5835,2820.43
5836,2818.92
5837,2817.51
5838,2817.69
5839,2817.39
5840,2816.31
5841,2816.04
5842,2815.03
5843,2813.75
5844,2812.41
5845,2811.27
5846,2810.71
5847,2810.74
5848,2811.24
5849,2810.31
5850,2809.73
5851,2807.94
5852,2807.51
5853,2807.34
5854,2806.21
5855,2805.25
5856,2804.1
5857,2804.77
5858,2804.53
5859,2803.15
5860,2802.01
5861,2801.32
5862,2800.6
5863,2801.21
5864,2801.96
5865,2802.96
5866,2801.95
5867,2801.17
5868,2801.37
5869,2802.12
5870,2801.41
5871,2800.89
5872,2799.54
5873,2799.32
5874,2800.3
5875,2800.48
5876,2800.17
5877,2799.66
5878,2800.71
5879,2800.85
5880,2800.84
5881,2801.64
5882,2802.88
5883,2802.68
5884,2802.39
5885,2803.23
5886,2804.35
5887,2804.91
5888,2805.78
5889,2806.84
5890,2806.31
5891,2806.77
5892,2806.41
5893,2806.73
5894,2807.53
5895,2807.87
5896,2809
5897,2810.27
5898,2810.68
5899,2810.4
5900,2811.06
5901,2810.75
5902,2811.34
5903,2812.89
5904,2813.77
5905,2814.84
5906,2815.16
5907,2815.32
5908,2816.21
5909,2817.33
5910,2817.16
5911,2816.19
5912,2815.76
5913,2816.16
5914,2815.87
5915,2815.08
5916,2816.16
5917,2816.41
5918,2815.2
5919,2815.11
5920,2815.9
5921,2816.24
5922,2815.65
5923,2814.51
5924,2814.72
5925,2814.23
5926,2813.3
5927,2813.54
5928,2812.93
5929,2812.77
5930,2811.88
5931,2812.44
5932,2813.27
5933,2814.02
5934,2812.94
5935,2812.8
5936,2812.67
5937,2813.81
5938,2814.95
5939,2814.54
5940,2816.23
5941,2816.53
5942,2818.35
5943,2819.34
5944,2820.03
5945,2820.77
5946,2820.97
5947,2820.33
5948,2820.61
5949,2821.33
5950,2819.66
5951,2818.73
5952,2817.97
5953,2818.75
5954,2818.5
5955,2817.59
5956,2818.52
5957,2818.39
5958,2818.11
5959,2817.92
5960,2817.95
5961,2817.84
5962,2817.76
5963,2817.88
5964,2818.67
5965,2818.84
5966,2819.6
5967,2819.03
5968,2818.63
5969,2820.25
5970,2822.04
5971,2823.35
5972,2824.76
5973,2826.07
5974,2827.06
5975,2828.2
5976,2831.16
5977,2832.05
5978,2831.74
5979,2831.87
5980,2831.94
5981,2832.54
5982,2832.08
5983,2832.83
5984,2833.75
5985,2834.87
5986,2835.05
5987,2835.75
5988,2837.02
5989,2836.83
5990,2836.72
5991,2837.44
5992,2838.23
5993,2837.66
5994,2837.52
5995,2837.61
5996,2838.24
5997,2837.48
5998,2837.35
5999,2837.41
6000,2838.18
6001,2837.72
6002,2837.87
6003,2838.76
6004,2839.06
6005,2839.36
6006,2839.91
6007,2840.77
6008,2840.39
6009,2841.08
6010,2840.79
6011,2839.34
6012,2838.79
6013,2839.03
6014,2838.07
6015,2837.02
6016,2836.24
6017,2835.19
6018,2834.38
6019,2833.86
6020,2833.96
6021,2833.51
6022,2832.65
6023,2832.31
6024,2832.18
6025,2831.9
6026,2831.94
6027,2831.45
6028,2830.92
6029,2830.4
6030,2830.4
6031,2830.29
6032,2830.84
6033,2831.25
6034,2830.76
6035,2830.34
6036,2830.63
6037,2830.66
6038,2831.36
6039,2829.87
6040,2829.28
6041,2829.81
6042,2830.88
6043,2831.08
6044,2831.52
6045,2831.52
6046,2831.77
6047,2831.81
6048,2832.41
6049,2832.89
6050,2833.68
6051,2834.4
6052,2833.9
6053,2833.88
6054,2834.86
6055,2835.16
6056,2836.24
6057,2836.78
6058,2836.91
6059,2837.85
6060,2837.57
6061,2837.6
6062,2838.43
6063,2836.89
6064,2835.32
6065,2834.16
6066,2834.7
6067,2834.19
6068,2833.78
6069,2832.82
6070,2833.95
6071,2835.06
6072,2835.05
6073,2835.29
6074,2835.92
6075,2836.17
6076,2836.04
6077,2836.67
6078,2838.19
6079,2838.71
6080,2838.21
6081,2839.01
6082,2840.08
6083,2840.11
6084,2839.63
6085,2840.31
6086,2839.97
6087,2840.06
6088,2840.98
6089,2841.87
6090,2842.58
6091,2842.41
6092,2842.06
6093,2842.76
6094,2843.04
6095,2841.26
6096,2840.62
6097,2840.41
6098,2839.51
6099,2837.79
6100,2837.79
6101,2836.53
6102,2836.14
6103,2834.41
6104,2834.02
6105,2833.41
6106,2833.44
6107,2832.05
6108,2830.86
6109,2829.74
6110,2828.73
6111,2827.78
6112,2827.23
6113,2825.46
6114,2824.77
6115,2823.42
6116,2822.21
6117,2821.24
6118,2820.74
6119,2819.79
6120,2819.38
6121,2818.93
6122,2819.09
6123,2819.22
6124,2818.97
6125,2817.93
6126,2816.97
6127,2815.72
6128,2814.88
6129,2813.74
6130,2812.98
6131,2812.17
6132,2811.52
6133,2810.68
6134,2809.97
6135,2808.18
6136,2808.48
6137,2808.41
6138,2808.56
6139,2807.8
6140,2807.35
6141,2807.62
6142,2808.2
6143,2808.75
6144,2810.08
6145,2809.98
6146,2810.41
6147,2810.7
6148,2811.89
6149,2812.7
6150,2813.64
6151,2813.78
6152,2813.82
6153,2813.2
6154,2812.57
6155,2812.43
6156,2812.12
6157,2811.17
6158,2810.81
6159,2809.6
6160,2809
6161,2808.94
6162,2808.77
6163,2808.41
6164,2808.24
6165,2809.84
6166,2810.04
6167,2811.35
6168,2811.28
6169,2812.46
6170,2812.45
6171,2812.56
6172,2812.89
6173,2813.81
6174,2814.53
6175,2814.8
6176,2814.49
6177,2815.75
6178,2816.78
6179,2816.45
6180,2817.52
6181,2817.9
6182,2818.57
6183,2819.53
6184,2819.75
6185,2819.8
6186,2819.97
6187,2820.76
6188,2822.4
6189,2822.3
6190,2821.84
6191,2822.25
6192,2821.32
6193,2821.55
6194,2821.38
6195,2820.64
6196,2821.09
6197,2820.88
6198,2820.93
6199,2822.51
6200,2822.33
6201,2822.37
6202,2822.73
6203,2822.32
6204,2822.36
6205,2822.43
6206,2822.73
6207,2821.72
6208,2821.92
6209,2821.54
6210,2821.14
6211,2821.81
6212,2821.59
6213,2822
6214,2822.9
6215,2822.93
6216,2822.49
6217,2822.94
6218,2822.59
6219,2821.94
6220,2822.13
6221,2821.54
6222,2820.97
6223,2820.79
6224,2819.76
6225,2819.12
6226,2818.87
6227,2818.45
6228,2817.48
6229,2817.56
6230,2818.38
6231,2818.84
6232,2819.24
6233,2819.63
6234,2820.48
6235,2821.92
6236,2822.47
6237,2823.08
6238,2823.69
6239,2825.35
6240,2826.84
6241,2826.86
6242,2826.72
6243,2826.94
6244,2827.19
6245,2827.55
6246,2827.77
6247,2828.45
6248,2828.48
6249,2829.47
6250,2829.88
6251,2829.82
6252,2830.37
6253,2830.92
6254,2831.69
6255,2831.83
6256,2831.49
6257,2831.2
6258,2830.62
6259,2830.02
6260,2828.92
6261,2829.82
6262,2830.72
6263,2830.5
6264,2830.54
6265,2830.57
6266,2832.29
6267,2832.58
6268,2832.57
6269,2832.99
6270,2831.91
6271,2831.97
6272,2831.22
6273,2830.72
6274,2830.83
6275,2829.34
6276,2828.37
6277,2828.08
6278,2827.78
6279,2826.27
6280,2825.23
6281,2825.43
6282,2825.26
6283,2825.97
6284,2825.13
6285,2824.68
6286,2823.44
6287,2822.3
6288,2820.99
6289,2820.27
6290,2819.57
6291,2818.37
6292,2817.33
6293,2815.61
6294,2814.54
6295,2813.59
6296,2812.81
6297,2811.93
6298,2810.73
6299,2811.03
6300,2810.79
6301,2810.96
6302,2809.99
6303,2810.6
6304,2809.13
6305,2808.4
6306,2807.32
6307,2805.93
6308,2805.17
6309,2804.65
6310,2803.41
6311,2803.5
6312,2803.18
6313,2802.63
6314,2801.48
6315,2801.16
6316,2800.27
6317,2799.67
6318,2799.14
6319,2797.79
6320,2797.86
6321,2797.08
6322,2796.76
6323,2796.13
6324,2797.3
6325,2796.59
6326,2797.16
6327,2797.7
6328,2798.49
6329,2798.6
6330,2798.11
6331,2797.3
6332,2796.68
6333,2796.88
6334,2795.75
6335,2795.11
6336,2793.16
6337,2793.95
6338,2794
6339,2793.47
6340,2793.48
6341,2794.43
6342,2793.72
6343,2793.77
6344,2794.64
6345,2795.81
6346,2795.04
6347,2794.33
6348,2794.71
6349,2795.04
6350,2796.47
6351,2797.18
6352,2797.71
6353,2798.06
6354,2798.55
6355,2797.82
6356,2798.28
6357,2798.79
6358,2798.94
6359,2798.62
6360,2797.5
6361,2795.97
6362,2796.95
6363,2796.38
6364,2796.34
6365,2795.33
6366,2795.53
6367,2794.83
6368,2795.31
6369,2795.26
6370,2795.11
6371,2795.52
6372,2796.4
6373,2797.84
6374,2797.48
6375,2797.36
6376,2798.08
6377,2799.54
6378,2800.66
6379,2801.71
6380,2802.34
6381,2803.23
6382,2804.24
6383,2804.42
6384,2805.09
6385,2805.34
6386,2805.4
6387,2805.1
6388,2804.44
6389,2805.46
6390,2806.72
6391,2807.72
6392,2808.05
6393,2809.59
6394,2810.86
6395,2812.61
6396,2814.38
6397,2815.06
6398,2816.48
6399,2817.53
6400,2818.9
6401,2820.31
6402,2821.54
6403,2822.67
6404,2821.94
6405,2823.3
6406,2825.13
6407,2826.17
6408,2826.35
6409,2827.55
6410,2828.73
6411,2828.54
6412,2828
6413,2828.38
6414,2828.82
6415,2829.73
6416,2830.09
6417,2829.92
6418,2830.86
6419,2831.3
6420,2831.15
6421,2831.76
6422,2832.77
6423,2832.95
6424,2833.17
6425,2833.89
6426,2834.28
6427,2835.09
6428,2834.91
6429,2835.25
6430,2835.01
6431,2836.14
6432,2837.1
6433,2837.24
6434,2838.05
6435,2839.62
6436,2840.53
6437,2841.85
6438,2842.3
6439,2843.35
6440,2844
6441,2844.58
6442,2845.16
6443,2845.99
6444,2846.37
6445,2846.35
6446,2845.82
6447,2845.17
6448,2845.68
6449,2845.8
6450,2845.88
6451,2844.9
6452,2845.31
6453,2846.96
6454,2847.89
6455,2847.49
6456,2847.35
6457,2847.15
6458,2847.26
6459,2847.15
6460,2847.41
6461,2846.9
6462,2847.31
6463,2847.2
6464,2847.18
6465,2846.15
6466,2846.3
6467,2846.53
6468,2846.77
6469,2846.47
6470,2846.31
6471,2846.74
6472,2845.25
6473,2844.46
6474,2843.4
6475,2842.24
6476,2840.51
6477,2839.07
6478,2838.68
6479,2837.62
6480,2835.98
6481,2835.57
6482,2835.08
6483,2834.11
6484,2833.16
6485,2833.49
6486,2831.88
6487,2831.01
6488,2830.41
6489,2830.3
6490,2829.28
6491,2828.86
6492,2827.35
6493,2826.29
6494,2825.25
6495,2824.08
6496,2824.41
6497,2824.5
6498,2824.53
6499,2824.41
6500,2824.25
6501,2824.69
6502,2825.25
6503,2824.75
6504,2824.26
6505,2823.09
6506,2821.96
6507,2821.3
6508,2820.87
6509,2819.68
6510,2818.63
6511,2817.39
6512,2816.59
6513,2815.18
6514,2814.45
6515,2814.31
6516,2813.28
6517,2811.54
6518,2811.3
6519,2810.74
6520,2809.13
6521,2809.34
6522,2808.54
6523,2808.14
6524,2807.65
6525,2805.99
6526,2805.11
6527,2805.59
6528,2803.88
6529,2804.18
6530,2803.77
6531,2803.81
6532,2802.82
6533,2802
6534,2800.45
6535,2799.2
6536,2797.24
6537,2797.04
6538,2795.98
6539,2795.22
6540,2792.85
6541,2791.96
6542,2791.18
6543,2790.72
6544,2788.24
6545,2787.79
6546,2787.87
6547,2788.04
6548,2787.83
6549,2787.38
6550,2788.64
6551,2789.76
6552,2790.78
6553,2792.04
6554,2793.88
6555,2794.65
6556,2794.92
6557,2794.75
6558,2795.07
6559,2794.54
6560,2794.64
6561,2793.94
6562,2793.96
6563,2792.25
6564,2792.94
6565,2794.34
6566,2795.68
6567,2795.94
6568,2796.58
6569,2797.67
6570,2798.88
6571,2799.41
6572,2801.38
6573,2801.36
6574,2804.14
6575,2805.34
6576,2806.73
6577,2807.61
6578,2809.43
6579,2810.27
6580,2811.77
6581,2813.65
6582,2815.17
6583,2814.97
6584,2815.84
6585,2817.02
6586,2818.82
6587,2819.5
6588,2820.82
6589,2822.08
6590,2821.73
6591,2821.91
6592,2822.37
6593,2821.87
6594,2821.71
6595,2822.27
6596,2821.36
6597,2821.14
6598,2820.49
6599,2820.4
6600,2819.6
6601,2817.89
6602,2817.31
6603,2817.05
6604,2816.68
6605,2815.69
6606,2815.41
6607,2815.8
6608,2815.48
6609,2814.81
6610,2814.94
6611,2814.57
6612,2814.96
6613,2815.16
6614,2814.37
6615,2814.15
6616,2815
6617,2814.3
6618,2814.4
6619,2814.73
6620,2814.02
6621,2814.18
6622,2813.22
6623,2812.39
6624,2812.51
6625,2811.24
6626,2809.81
6627,2808.39
6628,2806.12
6629,2806.03
6630,2805.56
6631,2805.34
6632,2806.93
6633,2806.89
6634,2807.36
6635,2808.47
6636,2808.68
6637,2808.73
6638,2808.71
6639,2807.62
6640,2807.43
6641,2806.92
6642,2807.07
6643,2807.28
6644,2808.72
6645,2809.13
6646,2810.64
6647,2811.76
6648,2813.04
6649,2814.65
6650,2816.78
6651,2817.32
6652,2817.01
6653,2816.98
6654,2816.73
6655,2817.14
6656,2817.92
6657,2818.12
6658,2819.17
6659,2818.88
6660,2819.49
6661,2819.94
6662,2819.88
6663,2821.15
6664,2822.14
6665,2822.73
6666,2824.76
6667,2824.88
6668,2824.16
6669,2823.04
6670,2822.81
6671,2823.04
6672,2824.21
6673,2824.92
6674,2824.05
6675,2825.15
6676,2826.27
6677,2826.35
6678,2827.12
6679,2828.19
6680,2827.64
6681,2827.88
6682,2828.17
6683,2827.82
6684,2827.75
6685,2828.51
6686,2829.08
6687,2828.77
6688,2828.2
6689,2827.61
6690,2828.12
6691,2827.62
6692,2826.46
6693,2825.89
6694,2824.87
6695,2824.02
6696,2822.72
6697,2822.41
6698,2822.28
6699,2820.52
6700,2818.47
6701,2817.68
6702,2817.69
6703,2815.29
6704,2814.05
6705,2812.74
6706,2811.29
6707,2809.87
6708,2809.31
6709,2808.07
6710,2807.2
6711,2807.73
6712,2807.19
6713,2807.25
6714,2807.24
6715,2805.74
6716,2804.83
6717,2803.77
6718,2803.1
6719,2803.42
6720,2802.76
6721,2802.26
6722,2801.32
6723,2800.95
6724,2800.1
6725,2799.28
6726,2799.28
6727,2798.16
6728,2798.09
6729,2798.23
6730,2798.16
6731,2798.56
6732,2798.95
6733,2798.68
6734,2798.2
6735,2797.67
6736,2797.1
6737,2797.37
6738,2797.78
6739,2796.73
6740,2795.87
6741,2796.22
6742,2795.97
6743,2795.06
6744,2794.93
6745,2794.29
6746,2794.26
6747,2795.04
6748,2793.94
6749,2793.4
6750,2792.72
6751,2790.83
6752,2790.64
6753,2789.4
6754,2788.73
6755,2787.66
6756,2786.51
6757,2785.55
6758,2784.77
6759,2784.16
6760,2784.48
6761,2783.14
6762,2782.51
6763,2783
6764,2781.74
6765,2780.95
6766,2781.03
6767,2780.35
6768,2779.82
6769,2780.57
6770,2779.15
6771,2779.28
6772,2777.53
6773,2777.65
6774,2778.02
6775,2777.75
6776,2777.24
6777,2776.14
6778,2775.98
6779,2776.33
6780,2776.42
6781,2777.86
6782,2778.59
6783,2780.28
6784,2780.78
6785,2781.54
6786,2781.55
6787,2782.2
6788,2782.79
6789,2781.68
6790,2782.4
6791,2782.9
6792,2783.41
6793,2784.28
6794,2785.87
6795,2787.35
6796,2787.51
6797,2787.92
6798,2788.11
6799,2787.99
6800,2788.02
6801,2788.74
6802,2789.5
6803,2790.27
6804,2790.31
6805,2789.41
6806,2789.96
6807,2790.59
6808,2790.61
6809,2791.29
6810,2791.24
6811,2792.42
6812,2793.51
6813,2794.46
6814,2794.58
6815,2794.58
6816,2794.15
6817,2794.54
6818,2794.79
6819,2793.45
6820,2792.83
6821,2792.48
6822,2792.28
6823,2790.99
6824,2791.72
6825,2791.03
6826,2790.75
6827,2789.88
6828,2789.75
6829,2789.18
6830,2789.33
6831,2789.89
6832,2789.28
6833,2789.5
6834,2790.37
6835,2791.41
6836,2792.42
6837,2793.41
6838,2793.92
6839,2794.48
6840,2795.29
6841,2795.61
6842,2795.04
6843,2793.62
6844,2792.24
6845,2792.48
6846,2793.18
6847,2793.12
6848,2792.55
6849,2792.88
6850,2793.39
6851,2795.33
6852,2796.71
6853,2797.82
6854,2799.41
6855,2801.91
6856,2801.99
6857,2801.72
6858,2802.58
6859,2802.43
6860,2801.82
6861,2802.29
6862,2801.52
6863,2800.32
6864,2799.89
6865,2800.02
6866,2799.31
6867,2798.53
6868,2797.89
6869,2797.95
6870,2798.02
6871,2798.64
6872,2798.42
6873,2799.36
6874,2799.68
6875,2799.39
6876,2800.3
6877,2800.09
6878,2800.71
6879,2801.26
6880,2801.95
6881,2801.5
6882,2801.3
6883,2802.71
6884,2803.27
6885,2803.71
6886,2803.36
6887,2804.71
6888,2803.79
6889,2805.13
6890,2806.73
6891,2808.19
6892,2809.39
6893,2809.73
6894,2810.49
6895,2811.27
6896,2811.15
6897,2811.69
6898,2812.49
6899,2812.73
6900,2812.91
6901,2812.23
6902,2811.72
6903,2811.11
6904,2811.69
6905,2811.65
6906,2812.4
6907,2812.54
6908,2813.24
6909,2813.85
6910,2813.09
6911,2813.18
6912,2812.87
6913,2813.25
6914,2814.7
6915,2815.48
6916,2815.71
6917,2816.06
6918,2816.99
6919,2817.18
6920,2815.35
6921,2815.24
6922,2814.45
6923,2813.36
6924,2812.03
6925,2811.74
6926,2811.83
6927,2810.58
6928,2808.68
6929,2807.62
6930,2806.86
6931,2806.54
6932,2804.64
6933,2804.48
6934,2804.13
6935,2804.42
6936,2805.91
6937,2806.71
6938,2807.3
6939,2807.23
6940,2807.86
6941,2807.24
6942,2806.54
6943,2805.25
6944,2804.76
6945,2803.34
6946,2802.02
6947,2801.15
6948,2800.39
6949,2799.73
6950,2798.64
6951,2797.83
6952,2797.7
6953,2798.29
6954,2797.13
6955,2796.12
6956,2796.13
6957,2796.85
6958,2798.28
6959,2796.4
6960,2795.76
6961,2794.09
6962,2792.58
6963,2790.8
6964,2789.34
6965,2788.76
6966,2786.09
6967,2784.56
6968,2782.75
6969,2781.84
6970,2781.09
6971,2778.66
6972,2777.42
6973,2776.41
6974,2774.6
6975,2772.92
6976,2771.75
6977,2770.06
6978,2768.79
6979,2766.65
6980,2765.63
6981,2765.15
6982,2762.84
6983,2762.2
6984,2761.39
6985,2762.12
6986,2760.95
6987,2760.87
6988,2759.92
6989,2759.17
6990,2759.72
6991,2760.22
6992,2760.8
6993,2761.5
6994,2759.87
6995,2759.57
6996,2759.2
6997,2758.73
6998,2758.41
6999,2758.92
7000,2759.94
7001,2761.27
7002,2763.36
7003,2763.97
7004,2765.36
7005,2765.55
7006,2766.17
7007,2766.49
7008,2767.61
7009,2768.16
7010,2768.68
7011,2769.6
7012,2770.88
7013,2771.56
7014,2773.46
7015,2776.37
7016,2778.1
7017,2779.64
7018,2781.37
7019,2783.64
7020,2785.32
7021,2785.87
7022,2785.4
7023,2787.86
7024,2788.59
7025,2790.4
7026,2791.54
7027,2793.04
7028,2795.74
7029,2797.75
7030,2799.11
7031,2801.76
7032,2802.77
7033,2803.11
7034,2803.47
7035,2804.78
7036,2804.15
7037,2805.01
7038,2805.38
7039,2804.29
7040,2804.51
7041,2804.19
7042,2805.34
7043,2805.1
7044,2805.61
7045,2805.76
7046,2805.88
7047,2805.91
7048,2807.26
7049,2808.48
7050,2809.44
7051,2808.58
7052,2808.98
7053,2808.85
7054,2809.1
7055,2809.96
7056,2810.84
7057,2812.32
7058,2812.9
7059,2812.31
7060,2811.95
7061,2810.93
7062,2809.98
7063,2807.49
7064,2807.23
7065,2807.55
7066,2808.14
7067,2807.7
7068,2807.68
7069,2808.58
7070,2809.28
7071,2807.87
7072,2807.73
7073,2807.33
7074,2807.35
7075,2807.37
7076,2808
7077,2806.68
7078,2807.05
7079,2807.19
7080,2807.76
7081,2808.42
7082,2809.35
7083,2809.77
7084,2810.99
7085,2811.15
7086,2812.51
7087,2813.96
7088,2815.21
7089,2815.74
7090,2815.99
7091,2815.33
7092,2815.95
7093,2816
7094,2816.57
7095,2817.08
7096,2817.81
7097,2818.55
7098,2818.45
7099,2817.92
7100,2818.45
7101,2818.23
7102,2818.73
7103,2818.65
7104,2818.25
7105,2818.1
7106,2817.21
7107,2818.63
7108,2818.29
7109,2818.5
7110,2819.18
7111,2819.06
7112,2819.93
7113,2820.87
7114,2820.42
7115,2820.27
7116,2820.54
7117,2819.62
7118,2819.68
7119,2819.99
7120,2821.02
7121,2820.88
7122,2820.05
7123,2818.91
7124,2818.09
7125,2817.27
7126,2816.45
7127,2815.71
7128,2814.57
7129,2813.81
7130,2814.04
7131,2812.63
7132,2812.14
7133,2811.19
7134,2808.88
7135,2807.51
7136,2806
7137,2804.68
7138,2802.88
7139,2802.56
7140,2802.63
7141,2802.26
7142,2801.69
7143,2799.9
7144,2799.34
7145,2798.4
7146,2798.12
7147,2798.16
7148,2796.88
7149,2796.35
7150,2795.86
7151,2795.16
7152,2793.11
7153,2790.9
7154,2789.72
7155,2788.88
7156,2787.94
7157,2786.44
7158,2784.58
7159,2783.12
7160,2782.33
7161,2782.31
7162,2780.84
7163,2779.67
7164,2778.3
7165,2777.28
7166,2775.38
7167,2775.6
7168,2775.93
7169,2774.68
7170,2773.7
7171,2772.78
7172,2773.29
7173,2773.16
7174,2773.14
7175,2772.34
7176,2772.31
7177,2771.68
7178,2770.74
7179,2771.15
7180,2770.96
7181,2769.96
7182,2768.47
7183,2767.62
7184,2766.96
7185,2765.27
7186,2764.78
7187,2764.03
7188,2763.76
7189,2764.02
7190,2763.22
7191,2762.37
7192,2762.7
7193,2761.4
7194,2761.88
7195,2761.56
7196,2761.23
7197,2760.88
7198,2760.12
7199,2759.85
7200,2760.54
7201,2760.8
7202,2760.5
7203,2760.22
7204,2761.74
7205,2761.83
7206,2763.61
7207,2765.04
7208,2764.79
7209,2764.94
7210,2764.87
7211,2765.93
7212,2766.31
7213,2766.39
7214,2765.84
7215,2765.13
7216,2763.81
7217,2763.6
7218,2763.3
7219,2762.64
7220,2761.47
7221,2761.92
7222,2763.01
7223,2764.66
7224,2765.35
7225,2767.21
7226,2769.51
7227,2771.43
7228,2772.43
7229,2774.53
7230,2776.18
7231,2776.52
7232,2776.69
7233,2776.99
7234,2778.18
7235,2778.52
7236,2778.86
7237,2777.95
7238,2778.33
7239,2779.22
7240,2779.68
7241,2779.75
7242,2779.04
7243,2779.45
7244,2779.73
7245,2780.45
7246,2780.94
7247,2781.22
7248,2781.28
7249,2781.34
7250,2781.76
7251,2781.57
7252,2780.68
7253,2780.04
7254,2780.32
7255,2780.13
7256,2781.11
7257,2782.01
7258,2782.77
7259,2782.93
7260,2782.99
7261,2784.39
7262,2784.61
7263,2784.28
7264,2783.97
7265,2784.47
7266,2783.34
7267,2783.83
7268,2783.4
7269,2782.74
7270,2781.8
7271,2780.55
7272,2780.55
7273,2781.82
7274,2781.75
7275,2782.11
7276,2781.81
7277,2783.45
7278,2782.89
7279,2782.46
7280,2781.42
7281,2782.35
7282,2782.21
7283,2782.55
7284,2783.35
7285,2783.59
7286,2783.87
7287,2783.75
7288,2784.38
7289,2786.08
7290,2786.33
7291,2786.49
7292,2785.86
7293,2786.38
7294,2787.53
7295,2786.81
7296,2786.55
7297,2784.99
7298,2784.04
7299,2783.6
7300,2782.95
7301,2783.65
7302,2783.91
7303,2784.46
7304,2783.96
7305,2783.31
7306,2782.73
7307,2782.43
7308,2782.59
7309,2781.82
7310,2781.05
7311,2780
7312,2780.62
7313,2780.09
7314,2780.04
7315,2781.06
7316,2781.29
7317,2781.97
7318,2782.96
7319,2783.38
7320,2782.8
7321,2783.49
7322,2783.47
7323,2783.5
7324,2783.03
7325,2781.82
7326,2780.65
7327,2777.97
7328,2775.66
7329,2775.55
7330,2775.47
7331,2775.06
7332,2773.76
7333,2772.97
7334,2772.88
7335,2773.14
7336,2773.5
7337,2773.61
7338,2773.78
7339,2773.9
7340,2772.97
7341,2772.62
7342,2773.51
7343,2774.4
7344,2775.27
7345,2774.28
7346,2774.31
7347,2775.24
7348,2777.24
7349,2777.67
7350,2777.74
7351,2777.85
7352,2777.47
7353,2778.26
7354,2778.28
7355,2777.54
7356,2778.58
7357,2779.2
7358,2778.58
7359,2777.63
7360,2777.81
7361,2778.37
7362,2778.49
7363,2779.04
7364,2779.31
7365,2781.02
7366,2782.17
7367,2782.13
7368,2782.87
7369,2783.48
7370,2783.32
7371,2782.99
7372,2784.43
7373,2784.61
7374,2784.37
7375,2784.27
7376,2783.93
7377,2784.03
7378,2784.74
7379,2783.9
7380,2783.82
7381,2784.71
7382,2785.01
7383,2785.59
7384,2785.75
7385,2785.82
7386,2786.8
7387,2786.94
7388,2787.74
7389,2786.31
7390,2785.64
7391,2784.5
7392,2784
7393,2783.33
7394,2781.85
7395,2780.89
7396,2781.66
7397,2781.73
7398,2781.87
7399,2781.86
7400,2782.03
7401,2782.47
7402,2782.39
7403,2783.6
7404,2784.77
7405,2784.56
7406,2784.05
7407,2784.58
7408,2783.82
7409,2782.29
7410,2781.93
7411,2781.94
7412,2781.95
7413,2781.28
7414,2780.87
7415,2780.75
7416,2780.5
7417,2779.91
7418,2778.56
7419,2777.35
7420,2776.15
7421,2774.32
7422,2771.42
7423,2769.51
7424,2768.68
7425,2767.73
7426,2766.57
7427,2766.82
7428,2767.01
7429,2766.56
7430,2765.96
7431,2765.88
7432,2766.32
7433,2764.68
7434,2764.28
7435,2764.56
7436,2764.8
7437,2764.3
7438,2763.51
7439,2763.04
7440,2764.29
7441,2764.52
7442,2763.44
7443,2762.58
7444,2762.58
7445,2761.54
7446,2759.11
7447,2758.41
7448,2758.46
7449,2758.49
7450,2758.34
7451,2758.15
7452,2757.68
7453,2758.28
7454,2758.88
7455,2757.65
7456,2756.75
7457,2755.97
7458,2756.41
7459,2756.02
7460,2755.76
7461,2756.64
7462,2757.37
7463,2757.73
7464,2758.63
7465,2759.16
7466,2758.85
7467,2759.63
7468,2759.61
7469,2758.66
7470,2759.62
7471,2760.36
7472,2761.13
7473,2761.74
7474,2762
7475,2762.26
7476,2764.17
7477,2764.47
7478,2767.06
7479,2769.9
7480,2769.3
7481,2769.92
7482,2769.96
7483,2770.87
7484,2770.8
7485,2771.16
7486,2770.3
7487,2771.24
7488,2771.28
7489,2771.44
7490,2772.48
7491,2772.3
7492,2771.89
7493,2770.45
7494,2769.94
7495,2768.96
7496,2770.54
7497,2770.46
7498,2770.56
7499,2770.14
7500,2768.81
7501,2767.29
7502,2765.52
7503,2764.22
7504,2763.57
7505,2762.42
7506,2761.59
7507,2760.57
7508,2759.33
7509,2759.16
7510,2760
7511,2760.94
7512,2760.81
7513,2760.76
7514,2760.92
7515,2761.41
7516,2762.11
7517,2762.65
7518,2763.3
7519,2764.89
7520,2765.82
7521,2765.95
7522,2766.96
7523,2767.56
7524,2769.7
7525,2768.92
7526,2768.73
7527,2768.4
7528,2768.17
7529,2766.92
7530,2765.14
7531,2766.26
7532,2766.26
7533,2767.49
7534,2768.25
7535,2768.79
7536,2770.56
7537,2770.57
7538,2771.34
7539,2772.22
7540,2772.79
7541,2774.5
7542,2776.16
7543,2775.78
7544,2776.38
7545,2776.11
7546,2776.8
7547,2777.14
7548,2777.55
7549,2776.67
7550,2777.4
7551,2776.8
7552,2776.18
7553,2777.14
7554,2777.32
7555,2778.53
7556,2778.24
7557,2779.18
7558,2780.78
7559,2782.17
7560,2783.16
7561,2784.17
7562,2786.08
7563,2787.38
7564,2787.25
7565,2787.34
7566,2787.2
7567,2786.94
7568,2785.93
7569,2785.74
7570,2784.83
7571,2784.95
7572,2784.01
7573,2783.73
7574,2782.48
7575,2783.16
7576,2782.79
7577,2782.78
7578,2783.96
7579,2784.69
7580,2785.24
7581,2785.69
7582,2786.34
7583,2787.4
7584,2788.02
7585,2787.59
7586,2787.63
7587,2786.6
7588,2786.42
7589,2785.96
7590,2786.42
7591,2785.02
7592,2784.36
7593,2783.44
7594,2782.12
7595,2781.32
7596,2780.91
7597,2780.74
7598,2780.58
7599,2780.61
7600,2780.98
7601,2780.27
7602,2779.75
7603,2781.21
7604,2779.95
7605,2779.41
7606,2778.91
7607,2778.53
7608,2778.39
7609,2777.53
7610,2775.7
7611,2774.79
7612,2774.33
7613,2773.8
7614,2774
7615,2773.87
7616,2772.36
7617,2771.5
7618,2771.26
7619,2770.82
7620,2771.2
7621,2770.86
7622,2771.46
7623,2771.87
7624,2772.01
7625,2771.58
7626,2770.21
7627,2770
7628,2769.29
7629,2767.55
7630,2765.65
7631,2763.67
7632,2761.76
7633,2759.66
7634,2758.02
7635,2758
7636,2757.47
7637,2755.85
7638,2752.54
7639,2750.13
7640,2746.86
7641,2741.23
7642,2738.46
7643,2737.23
7644,2733.84
7645,2729.22
7646,2724.71
7647,2721.28
7648,2718.53
7649,2713.11
7650,2708.76
7651,2707.11
7652,2704.33
7653,2700.76
7654,2695.64
7655,2694.04
7656,2691.72
7657,2688.68
7658,2685.3
7659,2683.16
7660,2681.22
7661,2679.38
7662,2675.09
7663,2674.95
7664,2673.64
7665,2671.93
7666,2670.26
7667,2670.38
7668,2670.97
7669,2669.86
7670,2668.26
7671,2667.5
7672,2667.85
7673,2667.33
7674,2667.11
7675,2666.92
7676,2667
7677,2664.46
7678,2663.74
7679,2665.26
